-- MySQL dump 10.13  Distrib 8.0.33, for macos13.3 (arm64)
--
-- Host: 127.0.0.1    Database: y9_default
-- ------------------------------------------------------
-- Server version	8.0.33

/*!40101 SET @OLD_CHARACTER_SET_CLIENT=@@CHARACTER_SET_CLIENT */;
/*!40101 SET @OLD_CHARACTER_SET_RESULTS=@@CHARACTER_SET_RESULTS */;
/*!40101 SET @OLD_COLLATION_CONNECTION=@@COLLATION_CONNECTION */;
/*!50503 SET NAMES utf8mb4 */;
/*!40103 SET @OLD_TIME_ZONE=@@TIME_ZONE */;
/*!40103 SET TIME_ZONE='+00:00' */;
/*!40014 SET @OLD_UNIQUE_CHECKS=@@UNIQUE_CHECKS, UNIQUE_CHECKS=0 */;
/*!40014 SET @OLD_FOREIGN_KEY_CHECKS=@@FOREIGN_KEY_CHECKS, FOREIGN_KEY_CHECKS=0 */;
/*!40101 SET @OLD_SQL_MODE=@@SQL_MODE, SQL_MODE='NO_AUTO_VALUE_ON_ZERO' */;
/*!40111 SET @OLD_SQL_NOTES=@@SQL_NOTES, SQL_NOTES=0 */;

--
-- Table structure for table `Y9_ORG_AUTHORIZATION`
--

/*!40101 SET @saved_cs_client     = @@character_set_client */;
/*!50503 SET character_set_client = utf8mb4 */;
CREATE TABLE `Y9_ORG_AUTHORIZATION` (
  `ID` varchar(38) COLLATE utf8mb3_bin NOT NULL COMMENT '主键',
  `CREATE_TIME` datetime(6) DEFAULT NULL COMMENT '创建时间',
  `UPDATE_TIME` datetime(6) DEFAULT NULL COMMENT '更新时间',
  `AUTHORITY` int NOT NULL COMMENT '权限类型',
  `AUTHORIZER` varchar(30) COLLATE utf8mb3_bin DEFAULT NULL COMMENT '授权人',
  `PRINCIPAL_ID` varchar(38) COLLATE utf8mb3_bin NOT NULL COMMENT '授权主体的唯一标识',
  `PRINCIPAL_NAME` varchar(255) COLLATE utf8mb3_bin DEFAULT NULL COMMENT '授权主体的名称。冗余字段，纯显示用',
  `PRINCIPAL_TYPE` int NOT NULL DEFAULT '0' COMMENT '授权主体类型:0=角色；1=岗位；2=人员,3=组，4=部门，5=组织',
  `RESOURCE_ID` varchar(38) COLLATE utf8mb3_bin NOT NULL COMMENT '资源唯一标识符',
  `RESOURCE_NAME` varchar(255) COLLATE utf8mb3_bin DEFAULT NULL COMMENT '资源名称。冗余字段，纯显示用',
  `RESOURCE_TYPE` int DEFAULT NULL COMMENT '资源类型。冗余字段，纯显示用',
  `TENANT_ID` varchar(38) COLLATE utf8mb3_bin DEFAULT NULL COMMENT '租户id',
  PRIMARY KEY (`ID`),
  UNIQUE KEY `UKpv5gy69bjyoflhhexyix9d8gt` (`PRINCIPAL_ID`,`RESOURCE_ID`,`AUTHORITY`),
  KEY `IDX53q7nmihwr3yfeu8ribdd6sb` (`TENANT_ID`,`PRINCIPAL_ID`),
  KEY `IDXrgw1eknlb0a7kg5xonypd52ag` (`TENANT_ID`,`RESOURCE_ID`)
) ENGINE=InnoDB DEFAULT CHARSET=utf8mb3 COLLATE=utf8mb3_bin COMMENT='权限配置表';
/*!40101 SET character_set_client = @saved_cs_client */;

--
-- Dumping data for table `Y9_ORG_AUTHORIZATION`
--

/*!40000 ALTER TABLE `Y9_ORG_AUTHORIZATION` DISABLE KEYS */;
/*!40000 ALTER TABLE `Y9_ORG_AUTHORIZATION` ENABLE KEYS */;

--
-- Table structure for table `Y9_ORG_DEPARTMENT`
--

/*!40101 SET @saved_cs_client     = @@character_set_client */;
/*!50503 SET character_set_client = utf8mb4 */;
CREATE TABLE `Y9_ORG_DEPARTMENT` (
  `ID` varchar(38) COLLATE utf8mb3_bin NOT NULL COMMENT 'UUID字段',
  `CREATE_TIME` datetime(6) DEFAULT NULL COMMENT '创建时间',
  `UPDATE_TIME` datetime(6) DEFAULT NULL COMMENT '更新时间',
  `CUSTOM_ID` varchar(255) COLLATE utf8mb3_bin DEFAULT NULL COMMENT '自定义id',
  `DESCRIPTION` varchar(255) COLLATE utf8mb3_bin DEFAULT NULL COMMENT '描述',
  `DISABLED` int NOT NULL DEFAULT '0' COMMENT '是否可用',
  `DN` varchar(2000) COLLATE utf8mb3_bin DEFAULT NULL COMMENT '由name组成的父子关系列表(倒序)，之间用逗号分隔',
  `GUID_PATH` varchar(400) COLLATE utf8mb3_bin DEFAULT NULL COMMENT '由ID组成的父子关系列表(正序)，之间用逗号分隔',
  `NAME` varchar(255) COLLATE utf8mb3_bin NOT NULL COMMENT '名称',
  `ORG_TYPE` varchar(255) COLLATE utf8mb3_bin NOT NULL COMMENT '组织类型',
  `PARENT_ID` varchar(38) COLLATE utf8mb3_bin DEFAULT NULL COMMENT '父节点id',
  `PROPERTIES` varchar(500) COLLATE utf8mb3_bin DEFAULT NULL COMMENT '扩展属性',
  `TAB_INDEX` int NOT NULL COMMENT '排序号',
  `TENANT_ID` varchar(38) COLLATE utf8mb3_bin DEFAULT NULL COMMENT '租户id',
  `VERSION` int DEFAULT NULL COMMENT '版本号,乐观锁',
  `ALIAS_NAME` varchar(255) COLLATE utf8mb3_bin DEFAULT NULL COMMENT '部门简称',
  `BUREAU` int NOT NULL DEFAULT '0' COMMENT '是否委办局',
  `DEPT_ADDRESS` varchar(255) COLLATE utf8mb3_bin DEFAULT NULL COMMENT '部门地址',
  `DEPT_FAX` varchar(255) COLLATE utf8mb3_bin DEFAULT NULL COMMENT '传真号码',
  `DEPT_GIVEN_NAME` varchar(255) COLLATE utf8mb3_bin DEFAULT NULL COMMENT '特定名称',
  `DEPT_OFFICE` varchar(255) COLLATE utf8mb3_bin DEFAULT NULL COMMENT '办公室',
  `DEPT_PHONE` varchar(255) COLLATE utf8mb3_bin DEFAULT NULL COMMENT '电话号码',
  `DEPT_TYPE` varchar(255) COLLATE utf8mb3_bin DEFAULT NULL COMMENT '部门类型',
  `DEPT_TYPE_NAME` varchar(255) COLLATE utf8mb3_bin DEFAULT NULL COMMENT '部门类型名称',
  `DIVISION_SCODE` varchar(255) COLLATE utf8mb3_bin DEFAULT NULL COMMENT '区域代码',
  `EN_NAME` varchar(255) COLLATE utf8mb3_bin DEFAULT NULL COMMENT '英文名称',
  `ESTABLISH_DATE` date DEFAULT NULL COMMENT '成立时间',
  `GRADE_CODE` varchar(255) COLLATE utf8mb3_bin DEFAULT NULL COMMENT '等级编码',
  `GRADE_CODE_NAME` varchar(255) COLLATE utf8mb3_bin DEFAULT NULL COMMENT '等级名称',
  `ZIP_CODE` varchar(255) COLLATE utf8mb3_bin DEFAULT NULL COMMENT '邮政编码',
  PRIMARY KEY (`ID`),
  UNIQUE KEY `UK_3rame1rxiq6j18b20rqfj8eyn` (`GUID_PATH`)
) ENGINE=InnoDB DEFAULT CHARSET=utf8mb3 COLLATE=utf8mb3_bin COMMENT='部门实体表';
/*!40101 SET character_set_client = @saved_cs_client */;

--
-- Dumping data for table `Y9_ORG_DEPARTMENT`
--

/*!40000 ALTER TABLE `Y9_ORG_DEPARTMENT` DISABLE KEYS */;
/*!40000 ALTER TABLE `Y9_ORG_DEPARTMENT` ENABLE KEYS */;

--
-- Table structure for table `Y9_ORG_DEPARTMENT_PROP`
--

/*!40101 SET @saved_cs_client     = @@character_set_client */;
/*!50503 SET character_set_client = utf8mb4 */;
CREATE TABLE `Y9_ORG_DEPARTMENT_PROP` (
  `ID` varchar(38) COLLATE utf8mb3_bin NOT NULL COMMENT '唯一标示',
  `CREATE_TIME` datetime(6) DEFAULT NULL COMMENT '创建时间',
  `UPDATE_TIME` datetime(6) DEFAULT NULL COMMENT '更新时间',
  `CATEGORY` int NOT NULL COMMENT '类别',
  `DEPT_ID` varchar(50) COLLATE utf8mb3_bin NOT NULL COMMENT '部门唯一标示',
  `ORG_BASE_ID` varchar(50) COLLATE utf8mb3_bin NOT NULL COMMENT '组织唯一标示',
  `TAB_INDEX` int NOT NULL COMMENT '排序号',
  PRIMARY KEY (`ID`)
) ENGINE=InnoDB DEFAULT CHARSET=utf8mb3 COLLATE=utf8mb3_bin COMMENT='部门信息配置表';
/*!40101 SET character_set_client = @saved_cs_client */;

--
-- Dumping data for table `Y9_ORG_DEPARTMENT_PROP`
--

/*!40000 ALTER TABLE `Y9_ORG_DEPARTMENT_PROP` DISABLE KEYS */;
/*!40000 ALTER TABLE `Y9_ORG_DEPARTMENT_PROP` ENABLE KEYS */;

--
-- Table structure for table `Y9_ORG_GROUP`
--

/*!40101 SET @saved_cs_client     = @@character_set_client */;
/*!50503 SET character_set_client = utf8mb4 */;
CREATE TABLE `Y9_ORG_GROUP` (
  `ID` varchar(38) COLLATE utf8mb3_bin NOT NULL COMMENT 'UUID字段',
  `CREATE_TIME` datetime(6) DEFAULT NULL COMMENT '创建时间',
  `UPDATE_TIME` datetime(6) DEFAULT NULL COMMENT '更新时间',
  `CUSTOM_ID` varchar(255) COLLATE utf8mb3_bin DEFAULT NULL COMMENT '自定义id',
  `DESCRIPTION` varchar(255) COLLATE utf8mb3_bin DEFAULT NULL COMMENT '描述',
  `DISABLED` int NOT NULL DEFAULT '0' COMMENT '是否可用',
  `DN` varchar(2000) COLLATE utf8mb3_bin DEFAULT NULL COMMENT '由name组成的父子关系列表(倒序)，之间用逗号分隔',
  `GUID_PATH` varchar(400) COLLATE utf8mb3_bin DEFAULT NULL COMMENT '由ID组成的父子关系列表(正序)，之间用逗号分隔',
  `NAME` varchar(255) COLLATE utf8mb3_bin NOT NULL COMMENT '名称',
  `ORG_TYPE` varchar(255) COLLATE utf8mb3_bin NOT NULL COMMENT '组织类型',
  `PARENT_ID` varchar(38) COLLATE utf8mb3_bin DEFAULT NULL COMMENT '父节点id',
  `PROPERTIES` varchar(500) COLLATE utf8mb3_bin DEFAULT NULL COMMENT '扩展属性',
  `TAB_INDEX` int NOT NULL COMMENT '排序号',
  `TENANT_ID` varchar(38) COLLATE utf8mb3_bin DEFAULT NULL COMMENT '租户id',
  `VERSION` int DEFAULT NULL COMMENT '版本号,乐观锁',
  `TYPE` varchar(10) COLLATE utf8mb3_bin NOT NULL DEFAULT 'person' COMMENT '类型：position、person',
  PRIMARY KEY (`ID`),
  UNIQUE KEY `UK_j3g3vc1ffuwb0l25xiwc0gue3` (`GUID_PATH`)
) ENGINE=InnoDB DEFAULT CHARSET=utf8mb3 COLLATE=utf8mb3_bin COMMENT='用户组表';
/*!40101 SET character_set_client = @saved_cs_client */;

--
-- Dumping data for table `Y9_ORG_GROUP`
--

/*!40000 ALTER TABLE `Y9_ORG_GROUP` DISABLE KEYS */;
/*!40000 ALTER TABLE `Y9_ORG_GROUP` ENABLE KEYS */;

--
-- Table structure for table `Y9_ORG_JOB`
--

/*!40101 SET @saved_cs_client     = @@character_set_client */;
/*!50503 SET character_set_client = utf8mb4 */;
CREATE TABLE `Y9_ORG_JOB` (
  `ID` varchar(38) COLLATE utf8mb3_bin NOT NULL COMMENT '主键id',
  `CREATE_TIME` datetime(6) DEFAULT NULL COMMENT '创建时间',
  `UPDATE_TIME` datetime(6) DEFAULT NULL COMMENT '更新时间',
  `CODE` varchar(255) COLLATE utf8mb3_bin NOT NULL COMMENT '数据代码',
  `NAME` varchar(255) COLLATE utf8mb3_bin NOT NULL COMMENT '名称',
  `TAB_INDEX` int NOT NULL COMMENT '排序号',
  PRIMARY KEY (`ID`)
) ENGINE=InnoDB DEFAULT CHARSET=utf8mb3 COLLATE=utf8mb3_bin COMMENT='职位表';
/*!40101 SET character_set_client = @saved_cs_client */;

--
-- Dumping data for table `Y9_ORG_JOB`
--

/*!40000 ALTER TABLE `Y9_ORG_JOB` DISABLE KEYS */;
INSERT INTO `Y9_ORG_JOB` (`ID`, `CREATE_TIME`, `UPDATE_TIME`, `CODE`, `NAME`, `TAB_INDEX`) VALUES ('11111111-1111-1111-1111-111111111122','2023-08-23 18:13:38.976000','2023-08-23 18:13:38.976000','001','普通职位',1);
/*!40000 ALTER TABLE `Y9_ORG_JOB` ENABLE KEYS */;

--
-- Table structure for table `Y9_ORG_MANAGER`
--

/*!40101 SET @saved_cs_client     = @@character_set_client */;
/*!50503 SET character_set_client = utf8mb4 */;
CREATE TABLE `Y9_ORG_MANAGER` (
  `ID` varchar(38) COLLATE utf8mb3_bin NOT NULL COMMENT 'UUID字段',
  `CREATE_TIME` datetime(6) DEFAULT NULL COMMENT '创建时间',
  `UPDATE_TIME` datetime(6) DEFAULT NULL COMMENT '更新时间',
  `CUSTOM_ID` varchar(255) COLLATE utf8mb3_bin DEFAULT NULL COMMENT '自定义id',
  `DESCRIPTION` varchar(255) COLLATE utf8mb3_bin DEFAULT NULL COMMENT '描述',
  `DISABLED` int NOT NULL DEFAULT '0' COMMENT '是否可用',
  `DN` varchar(2000) COLLATE utf8mb3_bin DEFAULT NULL COMMENT '由name组成的父子关系列表(倒序)，之间用逗号分隔',
  `GUID_PATH` varchar(400) COLLATE utf8mb3_bin DEFAULT NULL COMMENT '由ID组成的父子关系列表(正序)，之间用逗号分隔',
  `NAME` varchar(255) COLLATE utf8mb3_bin NOT NULL COMMENT '名称',
  `ORG_TYPE` varchar(255) COLLATE utf8mb3_bin NOT NULL COMMENT '组织类型',
  `PARENT_ID` varchar(38) COLLATE utf8mb3_bin DEFAULT NULL COMMENT '父节点id',
  `PROPERTIES` varchar(500) COLLATE utf8mb3_bin DEFAULT NULL COMMENT '扩展属性',
  `TAB_INDEX` int NOT NULL COMMENT '排序号',
  `TENANT_ID` varchar(38) COLLATE utf8mb3_bin DEFAULT NULL COMMENT '租户id',
  `VERSION` int DEFAULT NULL COMMENT '版本号,乐观锁',
  `AVATOR` varchar(100) COLLATE utf8mb3_bin DEFAULT NULL COMMENT '头像',
  `CHECK_CYCLE` int DEFAULT NULL COMMENT '审查周期',
  `CHECK_TIME` varchar(50) COLLATE utf8mb3_bin DEFAULT NULL COMMENT '审查时间',
  `EMAIL` varchar(255) COLLATE utf8mb3_bin DEFAULT NULL COMMENT '电子邮箱',
  `GLOBAL_MANAGER` int NOT NULL DEFAULT '0' COMMENT '是否全局管理员',
  `LOGIN_NAME` varchar(255) COLLATE utf8mb3_bin NOT NULL COMMENT '登录名',
  `MANAGER_LEVEL` int NOT NULL DEFAULT '0' COMMENT '管理员类型',
  `MOBILE` varchar(255) COLLATE utf8mb3_bin DEFAULT NULL COMMENT '手机号码',
  `MODIFY_PWD_TIME` varchar(50) COLLATE utf8mb3_bin DEFAULT NULL COMMENT '修改密码时间',
  `ORDERED_PATH` varchar(500) COLLATE utf8mb3_bin DEFAULT NULL COMMENT '排序序列号',
  `PASSWORD` varchar(255) COLLATE utf8mb3_bin DEFAULT NULL COMMENT '登录密码',
  `PWD_CYCLE` int DEFAULT NULL COMMENT '修改密码周期（天）',
  `SEX` int NOT NULL DEFAULT '1' COMMENT '性别',
  `USER_HOST_IP` varchar(150) COLLATE utf8mb3_bin DEFAULT NULL COMMENT '允许访问的客户端IP',
  PRIMARY KEY (`ID`),
  UNIQUE KEY `UK_cmcf8n9689uc3cxmj0ji2xdqf` (`GUID_PATH`)
) ENGINE=InnoDB DEFAULT CHARSET=utf8mb3 COLLATE=utf8mb3_bin COMMENT='三员表';
/*!40101 SET character_set_client = @saved_cs_client */;

--
-- Dumping data for table `Y9_ORG_MANAGER`
--

/*!40000 ALTER TABLE `Y9_ORG_MANAGER` DISABLE KEYS */;
INSERT INTO `Y9_ORG_MANAGER` (`ID`, `CREATE_TIME`, `UPDATE_TIME`, `CUSTOM_ID`, `DESCRIPTION`, `DISABLED`, `DN`, `GUID_PATH`, `NAME`, `ORG_TYPE`, `PARENT_ID`, `PROPERTIES`, `TAB_INDEX`, `TENANT_ID`, `VERSION`, `AVATOR`, `CHECK_CYCLE`, `CHECK_TIME`, `EMAIL`, `GLOBAL_MANAGER`, `LOGIN_NAME`, `MANAGER_LEVEL`, `MOBILE`, `MODIFY_PWD_TIME`, `ORDERED_PATH`, `PASSWORD`, `PWD_CYCLE`, `SEX`, `USER_HOST_IP`) VALUES ('11111111-1111-1111-1111-111111111117','2023-08-23 18:13:39.320000','2023-08-23 18:13:39.320000',NULL,NULL,0,'cn=系统管理员,o=组织','11111111-1111-1111-1111-111111111115,11111111-1111-1111-1111-111111111117','系统管理员','Manager','11111111-1111-1111-1111-111111111115',NULL,1,'11111111-1111-1111-1111-111111111113',0,NULL,0,'2023-08-23 18:13:39',NULL,1,'systemManager',1,NULL,'2023-08-23 18:13:39','10000,00001','$2a$10$Hl7pEZI8y0pAWGlMz/7uTOMHP8WUy/vzQEliHMxHQSZLUGHfHRgFS',7,1,'');
INSERT INTO `Y9_ORG_MANAGER` (`ID`, `CREATE_TIME`, `UPDATE_TIME`, `CUSTOM_ID`, `DESCRIPTION`, `DISABLED`, `DN`, `GUID_PATH`, `NAME`, `ORG_TYPE`, `PARENT_ID`, `PROPERTIES`, `TAB_INDEX`, `TENANT_ID`, `VERSION`, `AVATOR`, `CHECK_CYCLE`, `CHECK_TIME`, `EMAIL`, `GLOBAL_MANAGER`, `LOGIN_NAME`, `MANAGER_LEVEL`, `MOBILE`, `MODIFY_PWD_TIME`, `ORDERED_PATH`, `PASSWORD`, `PWD_CYCLE`, `SEX`, `USER_HOST_IP`) VALUES ('11111111-1111-1111-1111-111111111118','2023-08-23 18:13:39.484000','2023-08-23 18:13:39.484000',NULL,NULL,0,'cn=安全保密员,o=组织','11111111-1111-1111-1111-111111111115,11111111-1111-1111-1111-111111111118','安全保密员','Manager','11111111-1111-1111-1111-111111111115',NULL,2,'11111111-1111-1111-1111-111111111113',0,NULL,7,'2023-08-23 18:13:39',NULL,1,'securityManager',2,NULL,'2023-08-23 18:13:39','10000,00002','$2a$10$j8ayJlfaOAnEIw.bntz2gu.5prfJ8ELvhGwmSD5xhIabl9hLhBG/C',7,1,'');
INSERT INTO `Y9_ORG_MANAGER` (`ID`, `CREATE_TIME`, `UPDATE_TIME`, `CUSTOM_ID`, `DESCRIPTION`, `DISABLED`, `DN`, `GUID_PATH`, `NAME`, `ORG_TYPE`, `PARENT_ID`, `PROPERTIES`, `TAB_INDEX`, `TENANT_ID`, `VERSION`, `AVATOR`, `CHECK_CYCLE`, `CHECK_TIME`, `EMAIL`, `GLOBAL_MANAGER`, `LOGIN_NAME`, `MANAGER_LEVEL`, `MOBILE`, `MODIFY_PWD_TIME`, `ORDERED_PATH`, `PASSWORD`, `PWD_CYCLE`, `SEX`, `USER_HOST_IP`) VALUES ('11111111-1111-1111-1111-111111111119','2023-08-23 18:13:39.670000','2023-08-23 18:13:39.670000',NULL,NULL,0,'cn=安全审计员,o=组织','11111111-1111-1111-1111-111111111115,11111111-1111-1111-1111-111111111119','安全审计员','Manager','11111111-1111-1111-1111-111111111115',NULL,3,'11111111-1111-1111-1111-111111111113',0,NULL,7,'2023-08-23 18:13:39',NULL,1,'auditManager',3,NULL,'2023-08-23 18:13:39','10000,00003','$2a$10$Iw0Jh4MK4fqo.kMYZPiMteeoC4x8QanQVxXzRgq5SbZZxYQIYhV4e',7,1,'');
/*!40000 ALTER TABLE `Y9_ORG_MANAGER` ENABLE KEYS */;

--
-- Table structure for table `Y9_ORG_OPTIONCLASS`
--

/*!40101 SET @saved_cs_client     = @@character_set_client */;
/*!50503 SET character_set_client = utf8mb4 */;
CREATE TABLE `Y9_ORG_OPTIONCLASS` (
  `TYPE` varchar(255) COLLATE utf8mb3_bin NOT NULL COMMENT '主键，类型名称',
  `CREATE_TIME` datetime(6) DEFAULT NULL COMMENT '创建时间',
  `UPDATE_TIME` datetime(6) DEFAULT NULL COMMENT '更新时间',
  `NAME` varchar(255) COLLATE utf8mb3_bin NOT NULL COMMENT '中文名称',
  PRIMARY KEY (`TYPE`)
) ENGINE=InnoDB DEFAULT CHARSET=utf8mb3 COLLATE=utf8mb3_bin COMMENT='字典类型表';
/*!40101 SET character_set_client = @saved_cs_client */;

--
-- Dumping data for table `Y9_ORG_OPTIONCLASS`
--

/*!40000 ALTER TABLE `Y9_ORG_OPTIONCLASS` DISABLE KEYS */;
INSERT INTO `Y9_ORG_OPTIONCLASS` (`TYPE`, `CREATE_TIME`, `UPDATE_TIME`, `NAME`) VALUES ('duty','2023-08-23 18:13:39.699000','2023-08-23 18:13:39.699000','职务');
INSERT INTO `Y9_ORG_OPTIONCLASS` (`TYPE`, `CREATE_TIME`, `UPDATE_TIME`, `NAME`) VALUES ('dutyLevel','2023-08-23 18:13:39.993000','2023-08-23 18:13:39.993000','职级');
INSERT INTO `Y9_ORG_OPTIONCLASS` (`TYPE`, `CREATE_TIME`, `UPDATE_TIME`, `NAME`) VALUES ('officialType','2023-08-23 18:13:40.037000','2023-08-23 18:13:40.037000','编制类型');
INSERT INTO `Y9_ORG_OPTIONCLASS` (`TYPE`, `CREATE_TIME`, `UPDATE_TIME`, `NAME`) VALUES ('organizationType','2023-08-23 18:13:40.053000','2023-08-23 18:13:40.053000','机构类型');
INSERT INTO `Y9_ORG_OPTIONCLASS` (`TYPE`, `CREATE_TIME`, `UPDATE_TIME`, `NAME`) VALUES ('principalIDType','2023-08-23 18:13:40.141000','2023-08-23 18:13:40.141000','证件类型');
/*!40000 ALTER TABLE `Y9_ORG_OPTIONCLASS` ENABLE KEYS */;

--
-- Table structure for table `Y9_ORG_OPTIONVALUE`
--

/*!40101 SET @saved_cs_client     = @@character_set_client */;
/*!50503 SET character_set_client = utf8mb4 */;
CREATE TABLE `Y9_ORG_OPTIONVALUE` (
  `ID` varchar(38) COLLATE utf8mb3_bin NOT NULL COMMENT '主键id',
  `CREATE_TIME` datetime(6) DEFAULT NULL COMMENT '创建时间',
  `UPDATE_TIME` datetime(6) DEFAULT NULL COMMENT '更新时间',
  `CODE` varchar(255) COLLATE utf8mb3_bin NOT NULL COMMENT '数据代码',
  `NAME` varchar(255) COLLATE utf8mb3_bin NOT NULL COMMENT '主键名称',
  `TAB_INDEX` int NOT NULL COMMENT '排序号',
  `TYPE` varchar(255) COLLATE utf8mb3_bin NOT NULL COMMENT '字典类型',
  PRIMARY KEY (`ID`)
) ENGINE=InnoDB DEFAULT CHARSET=utf8mb3 COLLATE=utf8mb3_bin COMMENT='字典数据表';
/*!40101 SET character_set_client = @saved_cs_client */;

--
-- Dumping data for table `Y9_ORG_OPTIONVALUE`
--

/*!40000 ALTER TABLE `Y9_ORG_OPTIONVALUE` DISABLE KEYS */;
INSERT INTO `Y9_ORG_OPTIONVALUE` (`ID`, `CREATE_TIME`, `UPDATE_TIME`, `CODE`, `NAME`, `TAB_INDEX`, `TYPE`) VALUES ('1563254093282021376','2023-08-23 18:13:39.699000','2023-08-23 18:13:39.699000','001A','书记',1,'duty');
INSERT INTO `Y9_ORG_OPTIONVALUE` (`ID`, `CREATE_TIME`, `UPDATE_TIME`, `CODE`, `NAME`, `TAB_INDEX`, `TYPE`) VALUES ('1563254093311381504','2023-08-23 18:13:39.704000','2023-08-23 18:13:39.704000','001B','副书记',1,'duty');
INSERT INTO `Y9_ORG_OPTIONVALUE` (`ID`, `CREATE_TIME`, `UPDATE_TIME`, `CODE`, `NAME`, `TAB_INDEX`, `TYPE`) VALUES ('1563254093328158720','2023-08-23 18:13:39.707000','2023-08-23 18:13:39.707000','002A','委员',1,'duty');
INSERT INTO `Y9_ORG_OPTIONVALUE` (`ID`, `CREATE_TIME`, `UPDATE_TIME`, `CODE`, `NAME`, `TAB_INDEX`, `TYPE`) VALUES ('1563254093340741632','2023-08-23 18:13:39.710000','2023-08-23 18:13:39.710000','002K','常务委员',1,'duty');
INSERT INTO `Y9_ORG_OPTIONVALUE` (`ID`, `CREATE_TIME`, `UPDATE_TIME`, `CODE`, `NAME`, `TAB_INDEX`, `TYPE`) VALUES ('1563254093353324544','2023-08-23 18:13:39.713000','2023-08-23 18:13:39.713000','004A','主任',1,'duty');
INSERT INTO `Y9_ORG_OPTIONVALUE` (`ID`, `CREATE_TIME`, `UPDATE_TIME`, `CODE`, `NAME`, `TAB_INDEX`, `TYPE`) VALUES ('1563254093365907456','2023-08-23 18:13:39.716000','2023-08-23 18:13:39.716000','004B','副主任',1,'duty');
INSERT INTO `Y9_ORG_OPTIONVALUE` (`ID`, `CREATE_TIME`, `UPDATE_TIME`, `CODE`, `NAME`, `TAB_INDEX`, `TYPE`) VALUES ('1563254093378490368','2023-08-23 18:13:39.719000','2023-08-23 18:13:39.719000','010A','巡视员',1,'duty');
INSERT INTO `Y9_ORG_OPTIONVALUE` (`ID`, `CREATE_TIME`, `UPDATE_TIME`, `CODE`, `NAME`, `TAB_INDEX`, `TYPE`) VALUES ('1563254093395267584','2023-08-23 18:13:39.723000','2023-08-23 18:13:39.723000','011A','调研员',1,'duty');
INSERT INTO `Y9_ORG_OPTIONVALUE` (`ID`, `CREATE_TIME`, `UPDATE_TIME`, `CODE`, `NAME`, `TAB_INDEX`, `TYPE`) VALUES ('1563254093407850496','2023-08-23 18:13:39.726000','2023-08-23 18:13:39.726000','011B','副调研员',1,'duty');
INSERT INTO `Y9_ORG_OPTIONVALUE` (`ID`, `CREATE_TIME`, `UPDATE_TIME`, `CODE`, `NAME`, `TAB_INDEX`, `TYPE`) VALUES ('1563254093445599232','2023-08-23 18:13:39.735000','2023-08-23 18:13:39.735000','015A','纪检员',1,'duty');
INSERT INTO `Y9_ORG_OPTIONVALUE` (`ID`, `CREATE_TIME`, `UPDATE_TIME`, `CODE`, `NAME`, `TAB_INDEX`, `TYPE`) VALUES ('1563254093458182144','2023-08-23 18:13:39.739000','2023-08-23 18:13:39.739000','083Q','总工程师',1,'duty');
INSERT INTO `Y9_ORG_OPTIONVALUE` (`ID`, `CREATE_TIME`, `UPDATE_TIME`, `CODE`, `NAME`, `TAB_INDEX`, `TYPE`) VALUES ('1563254093474959360','2023-08-23 18:13:39.742000','2023-08-23 18:13:39.742000','083R','副总工程师',1,'duty');
INSERT INTO `Y9_ORG_OPTIONVALUE` (`ID`, `CREATE_TIME`, `UPDATE_TIME`, `CODE`, `NAME`, `TAB_INDEX`, `TYPE`) VALUES ('1563254093487542272','2023-08-23 18:13:39.745000','2023-08-23 18:13:39.745000','102A','秘书长',1,'duty');
INSERT INTO `Y9_ORG_OPTIONVALUE` (`ID`, `CREATE_TIME`, `UPDATE_TIME`, `CODE`, `NAME`, `TAB_INDEX`, `TYPE`) VALUES ('1563254093504319488','2023-08-23 18:13:39.749000','2023-08-23 18:13:39.749000','102B','副秘书长',1,'duty');
INSERT INTO `Y9_ORG_OPTIONVALUE` (`ID`, `CREATE_TIME`, `UPDATE_TIME`, `CODE`, `NAME`, `TAB_INDEX`, `TYPE`) VALUES ('1563254093516902400','2023-08-23 18:13:39.752000','2023-08-23 18:13:39.752000','105A','检察长',1,'duty');
INSERT INTO `Y9_ORG_OPTIONVALUE` (`ID`, `CREATE_TIME`, `UPDATE_TIME`, `CODE`, `NAME`, `TAB_INDEX`, `TYPE`) VALUES ('1563254093529485312','2023-08-23 18:13:39.756000','2023-08-23 18:13:39.756000','105B','副检察长',1,'duty');
INSERT INTO `Y9_ORG_OPTIONVALUE` (`ID`, `CREATE_TIME`, `UPDATE_TIME`, `CODE`, `NAME`, `TAB_INDEX`, `TYPE`) VALUES ('1563254093563039744','2023-08-23 18:13:39.763000','2023-08-23 18:13:39.763000','201A','主席',1,'duty');
INSERT INTO `Y9_ORG_OPTIONVALUE` (`ID`, `CREATE_TIME`, `UPDATE_TIME`, `CODE`, `NAME`, `TAB_INDEX`, `TYPE`) VALUES ('1563254093575622656','2023-08-23 18:13:39.766000','2023-08-23 18:13:39.766000','201B','副主席',1,'duty');
INSERT INTO `Y9_ORG_OPTIONVALUE` (`ID`, `CREATE_TIME`, `UPDATE_TIME`, `CODE`, `NAME`, `TAB_INDEX`, `TYPE`) VALUES ('1563254093588205568','2023-08-23 18:13:39.769000','2023-08-23 18:13:39.769000','211A','部长',1,'duty');
INSERT INTO `Y9_ORG_OPTIONVALUE` (`ID`, `CREATE_TIME`, `UPDATE_TIME`, `CODE`, `NAME`, `TAB_INDEX`, `TYPE`) VALUES ('1563254093600788480','2023-08-23 18:13:39.772000','2023-08-23 18:13:39.772000','211B','副部长',1,'duty');
INSERT INTO `Y9_ORG_OPTIONVALUE` (`ID`, `CREATE_TIME`, `UPDATE_TIME`, `CODE`, `NAME`, `TAB_INDEX`, `TYPE`) VALUES ('1563254093613371392','2023-08-23 18:13:39.775000','2023-08-23 18:13:39.775000','211J','部长助理',1,'duty');
INSERT INTO `Y9_ORG_OPTIONVALUE` (`ID`, `CREATE_TIME`, `UPDATE_TIME`, `CODE`, `NAME`, `TAB_INDEX`, `TYPE`) VALUES ('1563254093625954304','2023-08-23 18:13:39.777000','2023-08-23 18:13:39.777000','212A','审计长',1,'duty');
INSERT INTO `Y9_ORG_OPTIONVALUE` (`ID`, `CREATE_TIME`, `UPDATE_TIME`, `CODE`, `NAME`, `TAB_INDEX`, `TYPE`) VALUES ('1563254093638537216','2023-08-23 18:13:39.781000','2023-08-23 18:13:39.781000','212B','副审计长',1,'duty');
INSERT INTO `Y9_ORG_OPTIONVALUE` (`ID`, `CREATE_TIME`, `UPDATE_TIME`, `CODE`, `NAME`, `TAB_INDEX`, `TYPE`) VALUES ('1563254093651120128','2023-08-23 18:13:39.785000','2023-08-23 18:13:39.785000','214A','署长',1,'duty');
INSERT INTO `Y9_ORG_OPTIONVALUE` (`ID`, `CREATE_TIME`, `UPDATE_TIME`, `CODE`, `NAME`, `TAB_INDEX`, `TYPE`) VALUES ('1563254093667897344','2023-08-23 18:13:39.788000','2023-08-23 18:13:39.788000','214B','副署长',1,'duty');
INSERT INTO `Y9_ORG_OPTIONVALUE` (`ID`, `CREATE_TIME`, `UPDATE_TIME`, `CODE`, `NAME`, `TAB_INDEX`, `TYPE`) VALUES ('1563254093684674560','2023-08-23 18:13:39.792000','2023-08-23 18:13:39.792000','215A','关长',1,'duty');
INSERT INTO `Y9_ORG_OPTIONVALUE` (`ID`, `CREATE_TIME`, `UPDATE_TIME`, `CODE`, `NAME`, `TAB_INDEX`, `TYPE`) VALUES ('1563254093705646080','2023-08-23 18:13:39.797000','2023-08-23 18:13:39.797000','215B','副关长',1,'duty');
INSERT INTO `Y9_ORG_OPTIONVALUE` (`ID`, `CREATE_TIME`, `UPDATE_TIME`, `CODE`, `NAME`, `TAB_INDEX`, `TYPE`) VALUES ('1563254093718228992','2023-08-23 18:13:39.800000','2023-08-23 18:13:39.800000','216A','局长',1,'duty');
INSERT INTO `Y9_ORG_OPTIONVALUE` (`ID`, `CREATE_TIME`, `UPDATE_TIME`, `CODE`, `NAME`, `TAB_INDEX`, `TYPE`) VALUES ('1563254093730811904','2023-08-23 18:13:39.803000','2023-08-23 18:13:39.803000','216B','副局长',1,'duty');
INSERT INTO `Y9_ORG_OPTIONVALUE` (`ID`, `CREATE_TIME`, `UPDATE_TIME`, `CODE`, `NAME`, `TAB_INDEX`, `TYPE`) VALUES ('1563254093743394816','2023-08-23 18:13:39.806000','2023-08-23 18:13:39.806000','219A','处长',1,'duty');
INSERT INTO `Y9_ORG_OPTIONVALUE` (`ID`, `CREATE_TIME`, `UPDATE_TIME`, `CODE`, `NAME`, `TAB_INDEX`, `TYPE`) VALUES ('1563254093760172032','2023-08-23 18:13:39.810000','2023-08-23 18:13:39.810000','219B','副处长',1,'duty');
INSERT INTO `Y9_ORG_OPTIONVALUE` (`ID`, `CREATE_TIME`, `UPDATE_TIME`, `CODE`, `NAME`, `TAB_INDEX`, `TYPE`) VALUES ('1563254093772754944','2023-08-23 18:13:39.813000','2023-08-23 18:13:39.813000','220A','科长',1,'duty');
INSERT INTO `Y9_ORG_OPTIONVALUE` (`ID`, `CREATE_TIME`, `UPDATE_TIME`, `CODE`, `NAME`, `TAB_INDEX`, `TYPE`) VALUES ('1563254093785337856','2023-08-23 18:13:39.816000','2023-08-23 18:13:39.816000','220B','副科长',1,'duty');
INSERT INTO `Y9_ORG_OPTIONVALUE` (`ID`, `CREATE_TIME`, `UPDATE_TIME`, `CODE`, `NAME`, `TAB_INDEX`, `TYPE`) VALUES ('1563254093802115072','2023-08-23 18:13:39.820000','2023-08-23 18:13:39.820000','221S','主任科员',1,'duty');
INSERT INTO `Y9_ORG_OPTIONVALUE` (`ID`, `CREATE_TIME`, `UPDATE_TIME`, `CODE`, `NAME`, `TAB_INDEX`, `TYPE`) VALUES ('1563254093818892288','2023-08-23 18:13:39.824000','2023-08-23 18:13:39.824000','221T','副主任科员',1,'duty');
INSERT INTO `Y9_ORG_OPTIONVALUE` (`ID`, `CREATE_TIME`, `UPDATE_TIME`, `CODE`, `NAME`, `TAB_INDEX`, `TYPE`) VALUES ('1563254093835669504','2023-08-23 18:13:39.827000','2023-08-23 18:13:39.827000','221A','科员',1,'duty');
INSERT INTO `Y9_ORG_OPTIONVALUE` (`ID`, `CREATE_TIME`, `UPDATE_TIME`, `CODE`, `NAME`, `TAB_INDEX`, `TYPE`) VALUES ('1563254093848252416','2023-08-23 18:13:39.831000','2023-08-23 18:13:39.831000','224A','办事员',1,'duty');
INSERT INTO `Y9_ORG_OPTIONVALUE` (`ID`, `CREATE_TIME`, `UPDATE_TIME`, `CODE`, `NAME`, `TAB_INDEX`, `TYPE`) VALUES ('1563254093860835328','2023-08-23 18:13:39.834000','2023-08-23 18:13:39.834000','251A','省长',1,'duty');
INSERT INTO `Y9_ORG_OPTIONVALUE` (`ID`, `CREATE_TIME`, `UPDATE_TIME`, `CODE`, `NAME`, `TAB_INDEX`, `TYPE`) VALUES ('1563254093873418240','2023-08-23 18:13:39.837000','2023-08-23 18:13:39.837000','251B','副省长',1,'duty');
INSERT INTO `Y9_ORG_OPTIONVALUE` (`ID`, `CREATE_TIME`, `UPDATE_TIME`, `CODE`, `NAME`, `TAB_INDEX`, `TYPE`) VALUES ('1563254093886001152','2023-08-23 18:13:39.840000','2023-08-23 18:13:39.840000','252A','市长',1,'duty');
INSERT INTO `Y9_ORG_OPTIONVALUE` (`ID`, `CREATE_TIME`, `UPDATE_TIME`, `CODE`, `NAME`, `TAB_INDEX`, `TYPE`) VALUES ('1563254093898584064','2023-08-23 18:13:39.843000','2023-08-23 18:13:39.843000','252B','副市长',1,'duty');
INSERT INTO `Y9_ORG_OPTIONVALUE` (`ID`, `CREATE_TIME`, `UPDATE_TIME`, `CODE`, `NAME`, `TAB_INDEX`, `TYPE`) VALUES ('1563254093906972672','2023-08-23 18:13:39.845000','2023-08-23 18:13:39.845000','252J','市长助理',1,'duty');
INSERT INTO `Y9_ORG_OPTIONVALUE` (`ID`, `CREATE_TIME`, `UPDATE_TIME`, `CODE`, `NAME`, `TAB_INDEX`, `TYPE`) VALUES ('1563254093923749888','2023-08-23 18:13:39.849000','2023-08-23 18:13:39.849000','254A','州长',1,'duty');
INSERT INTO `Y9_ORG_OPTIONVALUE` (`ID`, `CREATE_TIME`, `UPDATE_TIME`, `CODE`, `NAME`, `TAB_INDEX`, `TYPE`) VALUES ('1563254093936332800','2023-08-23 18:13:39.852000','2023-08-23 18:13:39.852000','254B','副州长',1,'duty');
INSERT INTO `Y9_ORG_OPTIONVALUE` (`ID`, `CREATE_TIME`, `UPDATE_TIME`, `CODE`, `NAME`, `TAB_INDEX`, `TYPE`) VALUES ('1563254093953110016','2023-08-23 18:13:39.856000','2023-08-23 18:13:39.856000','255A','区长',1,'duty');
INSERT INTO `Y9_ORG_OPTIONVALUE` (`ID`, `CREATE_TIME`, `UPDATE_TIME`, `CODE`, `NAME`, `TAB_INDEX`, `TYPE`) VALUES ('1563254093969887232','2023-08-23 18:13:39.860000','2023-08-23 18:13:39.860000','255B','副区长',1,'duty');
INSERT INTO `Y9_ORG_OPTIONVALUE` (`ID`, `CREATE_TIME`, `UPDATE_TIME`, `CODE`, `NAME`, `TAB_INDEX`, `TYPE`) VALUES ('1563254093990858752','2023-08-23 18:13:39.865000','2023-08-23 18:13:39.865000','256A','盟长',1,'duty');
INSERT INTO `Y9_ORG_OPTIONVALUE` (`ID`, `CREATE_TIME`, `UPDATE_TIME`, `CODE`, `NAME`, `TAB_INDEX`, `TYPE`) VALUES ('1563254094007635968','2023-08-23 18:13:39.869000','2023-08-23 18:13:39.869000','256B','副盟长',1,'duty');
INSERT INTO `Y9_ORG_OPTIONVALUE` (`ID`, `CREATE_TIME`, `UPDATE_TIME`, `CODE`, `NAME`, `TAB_INDEX`, `TYPE`) VALUES ('1563254094020218880','2023-08-23 18:13:39.872000','2023-08-23 18:13:39.872000','257A','专员',1,'duty');
INSERT INTO `Y9_ORG_OPTIONVALUE` (`ID`, `CREATE_TIME`, `UPDATE_TIME`, `CODE`, `NAME`, `TAB_INDEX`, `TYPE`) VALUES ('1563254094032801792','2023-08-23 18:13:39.875000','2023-08-23 18:13:39.875000','257B','副专员',1,'duty');
INSERT INTO `Y9_ORG_OPTIONVALUE` (`ID`, `CREATE_TIME`, `UPDATE_TIME`, `CODE`, `NAME`, `TAB_INDEX`, `TYPE`) VALUES ('1563254094045384704','2023-08-23 18:13:39.877000','2023-08-23 18:13:39.877000','258A','县长',1,'duty');
INSERT INTO `Y9_ORG_OPTIONVALUE` (`ID`, `CREATE_TIME`, `UPDATE_TIME`, `CODE`, `NAME`, `TAB_INDEX`, `TYPE`) VALUES ('1563254094053773312','2023-08-23 18:13:39.880000','2023-08-23 18:13:39.880000','258B','副县长',1,'duty');
INSERT INTO `Y9_ORG_OPTIONVALUE` (`ID`, `CREATE_TIME`, `UPDATE_TIME`, `CODE`, `NAME`, `TAB_INDEX`, `TYPE`) VALUES ('1563254094066356224','2023-08-23 18:13:39.883000','2023-08-23 18:13:39.883000','259A','旗长',1,'duty');
INSERT INTO `Y9_ORG_OPTIONVALUE` (`ID`, `CREATE_TIME`, `UPDATE_TIME`, `CODE`, `NAME`, `TAB_INDEX`, `TYPE`) VALUES ('1563254094074744832','2023-08-23 18:13:39.885000','2023-08-23 18:13:39.885000','259B','副旗长',1,'duty');
INSERT INTO `Y9_ORG_OPTIONVALUE` (`ID`, `CREATE_TIME`, `UPDATE_TIME`, `CODE`, `NAME`, `TAB_INDEX`, `TYPE`) VALUES ('1563254094087327744','2023-08-23 18:13:39.888000','2023-08-23 18:13:39.888000','260A','镇长',1,'duty');
INSERT INTO `Y9_ORG_OPTIONVALUE` (`ID`, `CREATE_TIME`, `UPDATE_TIME`, `CODE`, `NAME`, `TAB_INDEX`, `TYPE`) VALUES ('1563254094099910656','2023-08-23 18:13:39.891000','2023-08-23 18:13:39.891000','260B','副镇长',1,'duty');
INSERT INTO `Y9_ORG_OPTIONVALUE` (`ID`, `CREATE_TIME`, `UPDATE_TIME`, `CODE`, `NAME`, `TAB_INDEX`, `TYPE`) VALUES ('1563254094112493568','2023-08-23 18:13:39.894000','2023-08-23 18:13:39.894000','261A','乡长',1,'duty');
INSERT INTO `Y9_ORG_OPTIONVALUE` (`ID`, `CREATE_TIME`, `UPDATE_TIME`, `CODE`, `NAME`, `TAB_INDEX`, `TYPE`) VALUES ('1563254094125076480','2023-08-23 18:13:39.898000','2023-08-23 18:13:39.898000','261B','副乡长',1,'duty');
INSERT INTO `Y9_ORG_OPTIONVALUE` (`ID`, `CREATE_TIME`, `UPDATE_TIME`, `CODE`, `NAME`, `TAB_INDEX`, `TYPE`) VALUES ('1563254094141853696','2023-08-23 18:13:39.901000','2023-08-23 18:13:39.901000','262A','村长',1,'duty');
INSERT INTO `Y9_ORG_OPTIONVALUE` (`ID`, `CREATE_TIME`, `UPDATE_TIME`, `CODE`, `NAME`, `TAB_INDEX`, `TYPE`) VALUES ('1563254094154436608','2023-08-23 18:13:39.904000','2023-08-23 18:13:39.904000','262B','副村长',1,'duty');
INSERT INTO `Y9_ORG_OPTIONVALUE` (`ID`, `CREATE_TIME`, `UPDATE_TIME`, `CODE`, `NAME`, `TAB_INDEX`, `TYPE`) VALUES ('1563254094167019520','2023-08-23 18:13:39.907000','2023-08-23 18:13:39.907000','410A','会长',1,'duty');
INSERT INTO `Y9_ORG_OPTIONVALUE` (`ID`, `CREATE_TIME`, `UPDATE_TIME`, `CODE`, `NAME`, `TAB_INDEX`, `TYPE`) VALUES ('1563254094179602432','2023-08-23 18:13:39.910000','2023-08-23 18:13:39.910000','410B','副会长',1,'duty');
INSERT INTO `Y9_ORG_OPTIONVALUE` (`ID`, `CREATE_TIME`, `UPDATE_TIME`, `CODE`, `NAME`, `TAB_INDEX`, `TYPE`) VALUES ('1563254094192185344','2023-08-23 18:13:39.914000','2023-08-23 18:13:39.914000','405A','理事长',1,'duty');
INSERT INTO `Y9_ORG_OPTIONVALUE` (`ID`, `CREATE_TIME`, `UPDATE_TIME`, `CODE`, `NAME`, `TAB_INDEX`, `TYPE`) VALUES ('1563254094213156864','2023-08-23 18:13:39.919000','2023-08-23 18:13:39.919000','405B','副理事长',1,'duty');
INSERT INTO `Y9_ORG_OPTIONVALUE` (`ID`, `CREATE_TIME`, `UPDATE_TIME`, `CODE`, `NAME`, `TAB_INDEX`, `TYPE`) VALUES ('1563254094229934080','2023-08-23 18:13:39.922000','2023-08-23 18:13:39.922000','416A','所长',1,'duty');
INSERT INTO `Y9_ORG_OPTIONVALUE` (`ID`, `CREATE_TIME`, `UPDATE_TIME`, `CODE`, `NAME`, `TAB_INDEX`, `TYPE`) VALUES ('1563254094242516992','2023-08-23 18:13:39.926000','2023-08-23 18:13:39.926000','416B','副所长',1,'duty');
INSERT INTO `Y9_ORG_OPTIONVALUE` (`ID`, `CREATE_TIME`, `UPDATE_TIME`, `CODE`, `NAME`, `TAB_INDEX`, `TYPE`) VALUES ('1563254094263488512','2023-08-23 18:13:39.931000','2023-08-23 18:13:39.931000','417A','院长',1,'duty');
INSERT INTO `Y9_ORG_OPTIONVALUE` (`ID`, `CREATE_TIME`, `UPDATE_TIME`, `CODE`, `NAME`, `TAB_INDEX`, `TYPE`) VALUES ('1563254094280265728','2023-08-23 18:13:39.934000','2023-08-23 18:13:39.934000','417B','副院长',1,'duty');
INSERT INTO `Y9_ORG_OPTIONVALUE` (`ID`, `CREATE_TIME`, `UPDATE_TIME`, `CODE`, `NAME`, `TAB_INDEX`, `TYPE`) VALUES ('1563254094318014464','2023-08-23 18:13:39.944000','2023-08-23 18:13:39.944000','418A','校长',1,'duty');
INSERT INTO `Y9_ORG_OPTIONVALUE` (`ID`, `CREATE_TIME`, `UPDATE_TIME`, `CODE`, `NAME`, `TAB_INDEX`, `TYPE`) VALUES ('1563254094359957504','2023-08-23 18:13:39.953000','2023-08-23 18:13:39.953000','418B','副校长',1,'duty');
INSERT INTO `Y9_ORG_OPTIONVALUE` (`ID`, `CREATE_TIME`, `UPDATE_TIME`, `CODE`, `NAME`, `TAB_INDEX`, `TYPE`) VALUES ('1563254094376734720','2023-08-23 18:13:39.957000','2023-08-23 18:13:39.957000','438A','站长',1,'duty');
INSERT INTO `Y9_ORG_OPTIONVALUE` (`ID`, `CREATE_TIME`, `UPDATE_TIME`, `CODE`, `NAME`, `TAB_INDEX`, `TYPE`) VALUES ('1563254094393511936','2023-08-23 18:13:39.961000','2023-08-23 18:13:39.961000','438B','副站长',1,'duty');
INSERT INTO `Y9_ORG_OPTIONVALUE` (`ID`, `CREATE_TIME`, `UPDATE_TIME`, `CODE`, `NAME`, `TAB_INDEX`, `TYPE`) VALUES ('1563254094422872064','2023-08-23 18:13:39.968000','2023-08-23 18:13:39.968000','801A','参谋长',1,'duty');
INSERT INTO `Y9_ORG_OPTIONVALUE` (`ID`, `CREATE_TIME`, `UPDATE_TIME`, `CODE`, `NAME`, `TAB_INDEX`, `TYPE`) VALUES ('1563254094439649280','2023-08-23 18:13:39.972000','2023-08-23 18:13:39.972000','802A','参谋',1,'duty');
INSERT INTO `Y9_ORG_OPTIONVALUE` (`ID`, `CREATE_TIME`, `UPDATE_TIME`, `CODE`, `NAME`, `TAB_INDEX`, `TYPE`) VALUES ('1563254094452232192','2023-08-23 18:13:39.975000','2023-08-23 18:13:39.975000','851A','政委',1,'duty');
INSERT INTO `Y9_ORG_OPTIONVALUE` (`ID`, `CREATE_TIME`, `UPDATE_TIME`, `CODE`, `NAME`, `TAB_INDEX`, `TYPE`) VALUES ('1563254094464815104','2023-08-23 18:13:39.978000','2023-08-23 18:13:39.978000','840A','大队长',1,'duty');
INSERT INTO `Y9_ORG_OPTIONVALUE` (`ID`, `CREATE_TIME`, `UPDATE_TIME`, `CODE`, `NAME`, `TAB_INDEX`, `TYPE`) VALUES ('1563254094481592320','2023-08-23 18:13:39.982000','2023-08-23 18:13:39.982000','840B','副大队长',1,'duty');
INSERT INTO `Y9_ORG_OPTIONVALUE` (`ID`, `CREATE_TIME`, `UPDATE_TIME`, `CODE`, `NAME`, `TAB_INDEX`, `TYPE`) VALUES ('1563254094494175232','2023-08-23 18:13:39.985000','2023-08-23 18:13:39.985000','841A','队长',1,'duty');
INSERT INTO `Y9_ORG_OPTIONVALUE` (`ID`, `CREATE_TIME`, `UPDATE_TIME`, `CODE`, `NAME`, `TAB_INDEX`, `TYPE`) VALUES ('1563254094510952448','2023-08-23 18:13:39.989000','2023-08-23 18:13:39.989000','841B','副队长',1,'duty');
INSERT INTO `Y9_ORG_OPTIONVALUE` (`ID`, `CREATE_TIME`, `UPDATE_TIME`, `CODE`, `NAME`, `TAB_INDEX`, `TYPE`) VALUES ('1563254094523535360','2023-08-23 18:13:39.993000','2023-08-23 18:13:39.993000','842A','负责人',1,'duty');
INSERT INTO `Y9_ORG_OPTIONVALUE` (`ID`, `CREATE_TIME`, `UPDATE_TIME`, `CODE`, `NAME`, `TAB_INDEX`, `TYPE`) VALUES ('1563254094548701184','2023-08-23 18:13:39.999000','2023-08-23 18:13:39.999000','1','国家主席、副主席、总理级',1,'dutyLevel');
INSERT INTO `Y9_ORG_OPTIONVALUE` (`ID`, `CREATE_TIME`, `UPDATE_TIME`, `CODE`, `NAME`, `TAB_INDEX`, `TYPE`) VALUES ('1563254094565478400','2023-08-23 18:13:40.002000','2023-08-23 18:13:40.002000','2','副总理、国务委员级',1,'dutyLevel');
INSERT INTO `Y9_ORG_OPTIONVALUE` (`ID`, `CREATE_TIME`, `UPDATE_TIME`, `CODE`, `NAME`, `TAB_INDEX`, `TYPE`) VALUES ('1563254094599032832','2023-08-23 18:13:40.010000','2023-08-23 18:13:40.010000','3','部、省级',1,'dutyLevel');
INSERT INTO `Y9_ORG_OPTIONVALUE` (`ID`, `CREATE_TIME`, `UPDATE_TIME`, `CODE`, `NAME`, `TAB_INDEX`, `TYPE`) VALUES ('1563254094611615744','2023-08-23 18:13:40.013000','2023-08-23 18:13:40.013000','5','司、局、地厅级',1,'dutyLevel');
INSERT INTO `Y9_ORG_OPTIONVALUE` (`ID`, `CREATE_TIME`, `UPDATE_TIME`, `CODE`, `NAME`, `TAB_INDEX`, `TYPE`) VALUES ('1563254094624198656','2023-08-23 18:13:40.016000','2023-08-23 18:13:40.016000','6','副司、副局、副地、副厅级',1,'dutyLevel');
INSERT INTO `Y9_ORG_OPTIONVALUE` (`ID`, `CREATE_TIME`, `UPDATE_TIME`, `CODE`, `NAME`, `TAB_INDEX`, `TYPE`) VALUES ('1563254094636781568','2023-08-23 18:13:40.019000','2023-08-23 18:13:40.019000','7','县、处级',1,'dutyLevel');
INSERT INTO `Y9_ORG_OPTIONVALUE` (`ID`, `CREATE_TIME`, `UPDATE_TIME`, `CODE`, `NAME`, `TAB_INDEX`, `TYPE`) VALUES ('1563254094649364480','2023-08-23 18:13:40.022000','2023-08-23 18:13:40.022000','8','副县、副处级',1,'dutyLevel');
INSERT INTO `Y9_ORG_OPTIONVALUE` (`ID`, `CREATE_TIME`, `UPDATE_TIME`, `CODE`, `NAME`, `TAB_INDEX`, `TYPE`) VALUES ('1563254094661947392','2023-08-23 18:13:40.025000','2023-08-23 18:13:40.025000','9','正科级',1,'dutyLevel');
INSERT INTO `Y9_ORG_OPTIONVALUE` (`ID`, `CREATE_TIME`, `UPDATE_TIME`, `CODE`, `NAME`, `TAB_INDEX`, `TYPE`) VALUES ('1563254094674530304','2023-08-23 18:13:40.027000','2023-08-23 18:13:40.027000','10','副科级',1,'dutyLevel');
INSERT INTO `Y9_ORG_OPTIONVALUE` (`ID`, `CREATE_TIME`, `UPDATE_TIME`, `CODE`, `NAME`, `TAB_INDEX`, `TYPE`) VALUES ('1563254094682918912','2023-08-23 18:13:40.030000','2023-08-23 18:13:40.030000','11','科员级',1,'dutyLevel');
INSERT INTO `Y9_ORG_OPTIONVALUE` (`ID`, `CREATE_TIME`, `UPDATE_TIME`, `CODE`, `NAME`, `TAB_INDEX`, `TYPE`) VALUES ('1563254094695501824','2023-08-23 18:13:40.032000','2023-08-23 18:13:40.032000','12','办事员级',1,'dutyLevel');
INSERT INTO `Y9_ORG_OPTIONVALUE` (`ID`, `CREATE_TIME`, `UPDATE_TIME`, `CODE`, `NAME`, `TAB_INDEX`, `TYPE`) VALUES ('1563254094703890432','2023-08-23 18:13:40.037000','2023-08-23 18:13:40.037000','14','县长',1,'dutyLevel');
INSERT INTO `Y9_ORG_OPTIONVALUE` (`ID`, `CREATE_TIME`, `UPDATE_TIME`, `CODE`, `NAME`, `TAB_INDEX`, `TYPE`) VALUES ('1563254094729056256','2023-08-23 18:13:40.041000','2023-08-23 18:13:40.041000','1','公务员',1,'officialType');
INSERT INTO `Y9_ORG_OPTIONVALUE` (`ID`, `CREATE_TIME`, `UPDATE_TIME`, `CODE`, `NAME`, `TAB_INDEX`, `TYPE`) VALUES ('1563254094741639168','2023-08-23 18:13:40.044000','2023-08-23 18:13:40.044000','2','行政编',1,'officialType');
INSERT INTO `Y9_ORG_OPTIONVALUE` (`ID`, `CREATE_TIME`, `UPDATE_TIME`, `CODE`, `NAME`, `TAB_INDEX`, `TYPE`) VALUES ('1563254094758416384','2023-08-23 18:13:40.047000','2023-08-23 18:13:40.047000','3','事业编',1,'officialType');
INSERT INTO `Y9_ORG_OPTIONVALUE` (`ID`, `CREATE_TIME`, `UPDATE_TIME`, `CODE`, `NAME`, `TAB_INDEX`, `TYPE`) VALUES ('1563254094766804992','2023-08-23 18:13:40.049000','2023-08-23 18:13:40.049000','4','企业编',1,'officialType');
INSERT INTO `Y9_ORG_OPTIONVALUE` (`ID`, `CREATE_TIME`, `UPDATE_TIME`, `CODE`, `NAME`, `TAB_INDEX`, `TYPE`) VALUES ('1563254094775193600','2023-08-23 18:13:40.053000','2023-08-23 18:13:40.053000','5','其他',1,'officialType');
INSERT INTO `Y9_ORG_OPTIONVALUE` (`ID`, `CREATE_TIME`, `UPDATE_TIME`, `CODE`, `NAME`, `TAB_INDEX`, `TYPE`) VALUES ('1563254094791970816','2023-08-23 18:13:40.056000','2023-08-23 18:13:40.056000','11','公司',1,'organizationType');
INSERT INTO `Y9_ORG_OPTIONVALUE` (`ID`, `CREATE_TIME`, `UPDATE_TIME`, `CODE`, `NAME`, `TAB_INDEX`, `TYPE`) VALUES ('1563254094804553728','2023-08-23 18:13:40.059000','2023-08-23 18:13:40.059000','13','非公司制企业法人',1,'organizationType');
INSERT INTO `Y9_ORG_OPTIONVALUE` (`ID`, `CREATE_TIME`, `UPDATE_TIME`, `CODE`, `NAME`, `TAB_INDEX`, `TYPE`) VALUES ('1563254094817136640','2023-08-23 18:13:40.061000','2023-08-23 18:13:40.061000','15','企业分支机构',1,'organizationType');
INSERT INTO `Y9_ORG_OPTIONVALUE` (`ID`, `CREATE_TIME`, `UPDATE_TIME`, `CODE`, `NAME`, `TAB_INDEX`, `TYPE`) VALUES ('1563254094825525248','2023-08-23 18:13:40.063000','2023-08-23 18:13:40.063000','17','个人独资企业、合伙企业',1,'organizationType');
INSERT INTO `Y9_ORG_OPTIONVALUE` (`ID`, `CREATE_TIME`, `UPDATE_TIME`, `CODE`, `NAME`, `TAB_INDEX`, `TYPE`) VALUES ('1563254094833913856','2023-08-23 18:13:40.065000','2023-08-23 18:13:40.065000','19','其它企业',1,'organizationType');
INSERT INTO `Y9_ORG_OPTIONVALUE` (`ID`, `CREATE_TIME`, `UPDATE_TIME`, `CODE`, `NAME`, `TAB_INDEX`, `TYPE`) VALUES ('1563254094846496768','2023-08-23 18:13:40.069000','2023-08-23 18:13:40.069000','31','中国共产党',1,'organizationType');
INSERT INTO `Y9_ORG_OPTIONVALUE` (`ID`, `CREATE_TIME`, `UPDATE_TIME`, `CODE`, `NAME`, `TAB_INDEX`, `TYPE`) VALUES ('1563254094859079680','2023-08-23 18:13:40.071000','2023-08-23 18:13:40.071000','32','国家权力机关法人',1,'organizationType');
INSERT INTO `Y9_ORG_OPTIONVALUE` (`ID`, `CREATE_TIME`, `UPDATE_TIME`, `CODE`, `NAME`, `TAB_INDEX`, `TYPE`) VALUES ('1563254094871662592','2023-08-23 18:13:40.075000','2023-08-23 18:13:40.075000','33','国家行政机关法人',1,'organizationType');
INSERT INTO `Y9_ORG_OPTIONVALUE` (`ID`, `CREATE_TIME`, `UPDATE_TIME`, `CODE`, `NAME`, `TAB_INDEX`, `TYPE`) VALUES ('1563254094884245504','2023-08-23 18:13:40.078000','2023-08-23 18:13:40.078000','34','国家司法机关法人',1,'organizationType');
INSERT INTO `Y9_ORG_OPTIONVALUE` (`ID`, `CREATE_TIME`, `UPDATE_TIME`, `CODE`, `NAME`, `TAB_INDEX`, `TYPE`) VALUES ('1563254094896828416','2023-08-23 18:13:40.081000','2023-08-23 18:13:40.081000','35','政协组织',1,'organizationType');
INSERT INTO `Y9_ORG_OPTIONVALUE` (`ID`, `CREATE_TIME`, `UPDATE_TIME`, `CODE`, `NAME`, `TAB_INDEX`, `TYPE`) VALUES ('1563254094909411328','2023-08-23 18:13:40.084000','2023-08-23 18:13:40.084000','36','民主党派',1,'organizationType');
INSERT INTO `Y9_ORG_OPTIONVALUE` (`ID`, `CREATE_TIME`, `UPDATE_TIME`, `CODE`, `NAME`, `TAB_INDEX`, `TYPE`) VALUES ('1563254094917799936','2023-08-23 18:13:40.086000','2023-08-23 18:13:40.086000','37','人民解放军、武警部队',1,'organizationType');
INSERT INTO `Y9_ORG_OPTIONVALUE` (`ID`, `CREATE_TIME`, `UPDATE_TIME`, `CODE`, `NAME`, `TAB_INDEX`, `TYPE`) VALUES ('1563254094930382848','2023-08-23 18:13:40.089000','2023-08-23 18:13:40.089000','39','其他机关',1,'organizationType');
INSERT INTO `Y9_ORG_OPTIONVALUE` (`ID`, `CREATE_TIME`, `UPDATE_TIME`, `CODE`, `NAME`, `TAB_INDEX`, `TYPE`) VALUES ('1563254094951354368','2023-08-23 18:13:40.094000','2023-08-23 18:13:40.094000','51','事业单位法人',1,'organizationType');
INSERT INTO `Y9_ORG_OPTIONVALUE` (`ID`, `CREATE_TIME`, `UPDATE_TIME`, `CODE`, `NAME`, `TAB_INDEX`, `TYPE`) VALUES ('1563254094984908800','2023-08-23 18:13:40.102000','2023-08-23 18:13:40.102000','53','事业单位分支、派出机构',1,'organizationType');
INSERT INTO `Y9_ORG_OPTIONVALUE` (`ID`, `CREATE_TIME`, `UPDATE_TIME`, `CODE`, `NAME`, `TAB_INDEX`, `TYPE`) VALUES ('1563254094997491712','2023-08-23 18:13:40.105000','2023-08-23 18:13:40.105000','59','其它事业单位',1,'organizationType');
INSERT INTO `Y9_ORG_OPTIONVALUE` (`ID`, `CREATE_TIME`, `UPDATE_TIME`, `CODE`, `NAME`, `TAB_INDEX`, `TYPE`) VALUES ('1563254095005880320','2023-08-23 18:13:40.107000','2023-08-23 18:13:40.107000','71','社会团体法人',1,'organizationType');
INSERT INTO `Y9_ORG_OPTIONVALUE` (`ID`, `CREATE_TIME`, `UPDATE_TIME`, `CODE`, `NAME`, `TAB_INDEX`, `TYPE`) VALUES ('1563254095026851840','2023-08-23 18:13:40.112000','2023-08-23 18:13:40.112000','73','社会团体分支、代表机构',1,'organizationType');
INSERT INTO `Y9_ORG_OPTIONVALUE` (`ID`, `CREATE_TIME`, `UPDATE_TIME`, `CODE`, `NAME`, `TAB_INDEX`, `TYPE`) VALUES ('1563254095043629056','2023-08-23 18:13:40.116000','2023-08-23 18:13:40.116000','79','其它社会团体',1,'organizationType');
INSERT INTO `Y9_ORG_OPTIONVALUE` (`ID`, `CREATE_TIME`, `UPDATE_TIME`, `CODE`, `NAME`, `TAB_INDEX`, `TYPE`) VALUES ('1563254095056211968','2023-08-23 18:13:40.119000','2023-08-23 18:13:40.119000','91','民办非企业单位',1,'organizationType');
INSERT INTO `Y9_ORG_OPTIONVALUE` (`ID`, `CREATE_TIME`, `UPDATE_TIME`, `CODE`, `NAME`, `TAB_INDEX`, `TYPE`) VALUES ('1563254095068794880','2023-08-23 18:13:40.122000','2023-08-23 18:13:40.122000','93','基金会',1,'organizationType');
INSERT INTO `Y9_ORG_OPTIONVALUE` (`ID`, `CREATE_TIME`, `UPDATE_TIME`, `CODE`, `NAME`, `TAB_INDEX`, `TYPE`) VALUES ('1563254095077183488','2023-08-23 18:13:40.124000','2023-08-23 18:13:40.124000','94','宗教活动场所',1,'organizationType');
INSERT INTO `Y9_ORG_OPTIONVALUE` (`ID`, `CREATE_TIME`, `UPDATE_TIME`, `CODE`, `NAME`, `TAB_INDEX`, `TYPE`) VALUES ('1563254095089766400','2023-08-23 18:13:40.127000','2023-08-23 18:13:40.127000','95','农村居民委员会',1,'organizationType');
INSERT INTO `Y9_ORG_OPTIONVALUE` (`ID`, `CREATE_TIME`, `UPDATE_TIME`, `CODE`, `NAME`, `TAB_INDEX`, `TYPE`) VALUES ('1563254095102349312','2023-08-23 18:13:40.133000','2023-08-23 18:13:40.133000','96','城市居民委员会',1,'organizationType');
INSERT INTO `Y9_ORG_OPTIONVALUE` (`ID`, `CREATE_TIME`, `UPDATE_TIME`, `CODE`, `NAME`, `TAB_INDEX`, `TYPE`) VALUES ('1563254095127515136','2023-08-23 18:13:40.136000','2023-08-23 18:13:40.136000','97','自定义区',1,'organizationType');
INSERT INTO `Y9_ORG_OPTIONVALUE` (`ID`, `CREATE_TIME`, `UPDATE_TIME`, `CODE`, `NAME`, `TAB_INDEX`, `TYPE`) VALUES ('1563254095144292352','2023-08-23 18:13:40.141000','2023-08-23 18:13:40.141000','99','其它',1,'organizationType');
INSERT INTO `Y9_ORG_OPTIONVALUE` (`ID`, `CREATE_TIME`, `UPDATE_TIME`, `CODE`, `NAME`, `TAB_INDEX`, `TYPE`) VALUES ('1563254095186235392','2023-08-23 18:13:40.150000','2023-08-23 18:13:40.150000','10','身份证',1,'principalIDType');
INSERT INTO `Y9_ORG_OPTIONVALUE` (`ID`, `CREATE_TIME`, `UPDATE_TIME`, `CODE`, `NAME`, `TAB_INDEX`, `TYPE`) VALUES ('1563254095198818304','2023-08-23 18:13:40.153000','2023-08-23 18:13:40.153000','11','护照',1,'principalIDType');
INSERT INTO `Y9_ORG_OPTIONVALUE` (`ID`, `CREATE_TIME`, `UPDATE_TIME`, `CODE`, `NAME`, `TAB_INDEX`, `TYPE`) VALUES ('1563254095211401216','2023-08-23 18:13:40.156000','2023-08-23 18:13:40.156000','12','户口簿',1,'principalIDType');
INSERT INTO `Y9_ORG_OPTIONVALUE` (`ID`, `CREATE_TIME`, `UPDATE_TIME`, `CODE`, `NAME`, `TAB_INDEX`, `TYPE`) VALUES ('1563254095228178432','2023-08-23 18:13:40.160000','2023-08-23 18:13:40.160000','13','军人证',1,'principalIDType');
/*!40000 ALTER TABLE `Y9_ORG_OPTIONVALUE` ENABLE KEYS */;

--
-- Table structure for table `Y9_ORG_ORGANIZATION`
--

/*!40101 SET @saved_cs_client     = @@character_set_client */;
/*!50503 SET character_set_client = utf8mb4 */;
CREATE TABLE `Y9_ORG_ORGANIZATION` (
  `ID` varchar(38) COLLATE utf8mb3_bin NOT NULL COMMENT 'UUID字段',
  `CREATE_TIME` datetime(6) DEFAULT NULL COMMENT '创建时间',
  `UPDATE_TIME` datetime(6) DEFAULT NULL COMMENT '更新时间',
  `CUSTOM_ID` varchar(255) COLLATE utf8mb3_bin DEFAULT NULL COMMENT '自定义id',
  `DESCRIPTION` varchar(255) COLLATE utf8mb3_bin DEFAULT NULL COMMENT '描述',
  `DISABLED` int NOT NULL DEFAULT '0' COMMENT '是否可用',
  `DN` varchar(2000) COLLATE utf8mb3_bin DEFAULT NULL COMMENT '由name组成的父子关系列表(倒序)，之间用逗号分隔',
  `GUID_PATH` varchar(400) COLLATE utf8mb3_bin DEFAULT NULL COMMENT '由ID组成的父子关系列表(正序)，之间用逗号分隔',
  `NAME` varchar(255) COLLATE utf8mb3_bin NOT NULL COMMENT '名称',
  `ORG_TYPE` varchar(255) COLLATE utf8mb3_bin NOT NULL COMMENT '组织类型',
  `PARENT_ID` varchar(38) COLLATE utf8mb3_bin DEFAULT NULL COMMENT '父节点id',
  `PROPERTIES` varchar(500) COLLATE utf8mb3_bin DEFAULT NULL COMMENT '扩展属性',
  `TAB_INDEX` int NOT NULL COMMENT '排序号',
  `TENANT_ID` varchar(38) COLLATE utf8mb3_bin DEFAULT NULL COMMENT '租户id',
  `VERSION` int DEFAULT NULL COMMENT '版本号,乐观锁',
  `EN_NAME` varchar(255) COLLATE utf8mb3_bin DEFAULT NULL COMMENT '英文名称',
  `ORGANIZATION_CODE` varchar(255) COLLATE utf8mb3_bin DEFAULT NULL COMMENT '组织机构代码',
  `ORGANIZATION_TYPE` varchar(255) COLLATE utf8mb3_bin DEFAULT NULL COMMENT '组织机构类型',
  `VIRTUALIZED` int NOT NULL DEFAULT '0' COMMENT '类型:0=实体组织，1=虚拟组织',
  PRIMARY KEY (`ID`),
  UNIQUE KEY `UK_jlnficawh29fkypg7dj2cf4bg` (`GUID_PATH`)
) ENGINE=InnoDB DEFAULT CHARSET=utf8mb3 COLLATE=utf8mb3_bin COMMENT='组织机构实体表';
/*!40101 SET character_set_client = @saved_cs_client */;

--
-- Dumping data for table `Y9_ORG_ORGANIZATION`
--

/*!40000 ALTER TABLE `Y9_ORG_ORGANIZATION` DISABLE KEYS */;
INSERT INTO `Y9_ORG_ORGANIZATION` (`ID`, `CREATE_TIME`, `UPDATE_TIME`, `CUSTOM_ID`, `DESCRIPTION`, `DISABLED`, `DN`, `GUID_PATH`, `NAME`, `ORG_TYPE`, `PARENT_ID`, `PROPERTIES`, `TAB_INDEX`, `TENANT_ID`, `VERSION`, `EN_NAME`, `ORGANIZATION_CODE`, `ORGANIZATION_TYPE`, `VIRTUALIZED`) VALUES ('11111111-1111-1111-1111-111111111115','2023-08-23 18:13:38.943000','2023-08-23 18:13:38.943000',NULL,NULL,0,'o=组织','11111111-1111-1111-1111-111111111115','组织','Organization',NULL,NULL,10000,'11111111-1111-1111-1111-111111111113',0,'org',NULL,NULL,1);
INSERT INTO `Y9_ORG_ORGANIZATION` (`ID`, `CREATE_TIME`, `UPDATE_TIME`, `CUSTOM_ID`, `DESCRIPTION`, `DISABLED`, `DN`, `GUID_PATH`, `NAME`, `ORG_TYPE`, `PARENT_ID`, `PROPERTIES`, `TAB_INDEX`, `TENANT_ID`, `VERSION`, `EN_NAME`, `ORGANIZATION_CODE`, `ORGANIZATION_TYPE`, `VIRTUALIZED`) VALUES ('11111111-1111-1111-1111-111111111123','2023-08-23 18:13:38.952000','2023-08-23 18:13:38.952000',NULL,NULL,0,'o=业务组织','11111111-1111-1111-1111-111111111123','业务组织','Organization',NULL,NULL,10000,'11111111-1111-1111-1111-111111111113',0,'org',NULL,NULL,0);
/*!40000 ALTER TABLE `Y9_ORG_ORGANIZATION` ENABLE KEYS */;

--
-- Table structure for table `Y9_ORG_ORGBASES_ROLES`
--

/*!40101 SET @saved_cs_client     = @@character_set_client */;
/*!50503 SET character_set_client = utf8mb4 */;
CREATE TABLE `Y9_ORG_ORGBASES_ROLES` (
  `ID` int NOT NULL AUTO_INCREMENT COMMENT '主键',
  `CREATE_TIME` datetime(6) DEFAULT NULL COMMENT '创建时间',
  `UPDATE_TIME` datetime(6) DEFAULT NULL COMMENT '更新时间',
  `NEGATIVE` int NOT NULL DEFAULT '0' COMMENT '是否为负角色关联',
  `ORG_ID` varchar(38) COLLATE utf8mb3_bin NOT NULL COMMENT '人员或部门组织机构等唯一标识',
  `ORG_ORDER` int NOT NULL COMMENT '关联排序号',
  `ORG_TYPE` varchar(255) COLLATE utf8mb3_bin DEFAULT NULL COMMENT '组织类型',
  `ORG_PARENT_ID` varchar(255) COLLATE utf8mb3_bin DEFAULT NULL COMMENT '父节点唯一标识',
  `ROLE_ID` varchar(38) COLLATE utf8mb3_bin NOT NULL COMMENT '角色id',
  PRIMARY KEY (`ID`),
  KEY `IDX1q0y1dxaypjqxoal65vshj214` (`ROLE_ID`,`ORG_ID`)
) ENGINE=InnoDB DEFAULT CHARSET=utf8mb3 COLLATE=utf8mb3_bin COMMENT='组织节点与角色关联表';
/*!40101 SET character_set_client = @saved_cs_client */;

--
-- Dumping data for table `Y9_ORG_ORGBASES_ROLES`
--

/*!40000 ALTER TABLE `Y9_ORG_ORGBASES_ROLES` DISABLE KEYS */;
/*!40000 ALTER TABLE `Y9_ORG_ORGBASES_ROLES` ENABLE KEYS */;

--
-- Table structure for table `Y9_ORG_PERMISSION_DATAFIELD`
--

/*!40101 SET @saved_cs_client     = @@character_set_client */;
/*!50503 SET character_set_client = utf8mb4 */;
CREATE TABLE `Y9_ORG_PERMISSION_DATAFIELD` (
  `ID` varchar(38) COLLATE utf8mb3_bin NOT NULL COMMENT '主键',
  `CREATE_TIME` datetime(6) DEFAULT NULL COMMENT '创建时间',
  `UPDATE_TIME` datetime(6) DEFAULT NULL COMMENT '更新时间',
  `APP_ID` varchar(38) COLLATE utf8mb3_bin DEFAULT NULL COMMENT '应用id',
  `DESCRIPTION` varchar(255) COLLATE utf8mb3_bin DEFAULT NULL COMMENT '描述',
  `HIDDEN_FIELDS` varchar(1000) COLLATE utf8mb3_bin DEFAULT NULL COMMENT '不可见字段列表（之间用逗号隔开）',
  `NAME` varchar(255) COLLATE utf8mb3_bin DEFAULT NULL COMMENT '名称',
  `READONLY_FIELDS` varchar(1000) COLLATE utf8mb3_bin DEFAULT NULL COMMENT '只读字段列表（之间用逗号隔开）',
  `TAB_INDEX` int NOT NULL COMMENT '排序号',
  PRIMARY KEY (`ID`)
) ENGINE=InnoDB DEFAULT CHARSET=utf8mb3 COLLATE=utf8mb3_bin COMMENT='数据列权限表';
/*!40101 SET character_set_client = @saved_cs_client */;

--
-- Dumping data for table `Y9_ORG_PERMISSION_DATAFIELD`
--

/*!40000 ALTER TABLE `Y9_ORG_PERMISSION_DATAFIELD` DISABLE KEYS */;
/*!40000 ALTER TABLE `Y9_ORG_PERMISSION_DATAFIELD` ENABLE KEYS */;

--
-- Table structure for table `Y9_ORG_PERMISSION_DATAROW`
--

/*!40101 SET @saved_cs_client     = @@character_set_client */;
/*!50503 SET character_set_client = utf8mb4 */;
CREATE TABLE `Y9_ORG_PERMISSION_DATAROW` (
  `ID` varchar(38) COLLATE utf8mb3_bin NOT NULL COMMENT '主键',
  `CREATE_TIME` datetime(6) DEFAULT NULL COMMENT '创建时间',
  `UPDATE_TIME` datetime(6) DEFAULT NULL COMMENT '更新时间',
  `APP_ID` varchar(38) COLLATE utf8mb3_bin DEFAULT NULL COMMENT '应用id',
  `DESCRIPTION` varchar(255) COLLATE utf8mb3_bin DEFAULT NULL COMMENT '描述',
  `LIMIT_CLAUSE` varchar(2000) COLLATE utf8mb3_bin DEFAULT NULL COMMENT '数据范围',
  `NAME` varchar(255) COLLATE utf8mb3_bin DEFAULT NULL COMMENT '名称',
  `TAB_INDEX` int NOT NULL COMMENT '排序号',
  PRIMARY KEY (`ID`)
) ENGINE=InnoDB DEFAULT CHARSET=utf8mb3 COLLATE=utf8mb3_bin COMMENT='数据行权限表';
/*!40101 SET character_set_client = @saved_cs_client */;

--
-- Dumping data for table `Y9_ORG_PERMISSION_DATAROW`
--

/*!40000 ALTER TABLE `Y9_ORG_PERMISSION_DATAROW` DISABLE KEYS */;
/*!40000 ALTER TABLE `Y9_ORG_PERMISSION_DATAROW` ENABLE KEYS */;

--
-- Table structure for table `Y9_ORG_PERSON`
--

/*!40101 SET @saved_cs_client     = @@character_set_client */;
/*!50503 SET character_set_client = utf8mb4 */;
CREATE TABLE `Y9_ORG_PERSON` (
  `ID` varchar(38) COLLATE utf8mb3_bin NOT NULL COMMENT 'UUID字段',
  `CREATE_TIME` datetime(6) DEFAULT NULL COMMENT '创建时间',
  `UPDATE_TIME` datetime(6) DEFAULT NULL COMMENT '更新时间',
  `CUSTOM_ID` varchar(255) COLLATE utf8mb3_bin DEFAULT NULL COMMENT '自定义id',
  `DESCRIPTION` varchar(255) COLLATE utf8mb3_bin DEFAULT NULL COMMENT '描述',
  `DISABLED` int NOT NULL DEFAULT '0' COMMENT '是否可用',
  `DN` varchar(2000) COLLATE utf8mb3_bin DEFAULT NULL COMMENT '由name组成的父子关系列表(倒序)，之间用逗号分隔',
  `GUID_PATH` varchar(400) COLLATE utf8mb3_bin DEFAULT NULL COMMENT '由ID组成的父子关系列表(正序)，之间用逗号分隔',
  `NAME` varchar(255) COLLATE utf8mb3_bin NOT NULL COMMENT '名称',
  `ORG_TYPE` varchar(255) COLLATE utf8mb3_bin NOT NULL COMMENT '组织类型',
  `PARENT_ID` varchar(38) COLLATE utf8mb3_bin DEFAULT NULL COMMENT '父节点id',
  `PROPERTIES` varchar(500) COLLATE utf8mb3_bin DEFAULT NULL COMMENT '扩展属性',
  `TAB_INDEX` int NOT NULL COMMENT '排序号',
  `TENANT_ID` varchar(38) COLLATE utf8mb3_bin DEFAULT NULL COMMENT '租户id',
  `VERSION` int DEFAULT NULL COMMENT '版本号,乐观锁',
  `AVATOR` varchar(100) COLLATE utf8mb3_bin DEFAULT NULL COMMENT '头像',
  `CAID` varchar(255) COLLATE utf8mb3_bin DEFAULT NULL COMMENT 'CA认证码',
  `EMAIL` varchar(255) COLLATE utf8mb3_bin DEFAULT NULL COMMENT '电子邮箱',
  `LOGIN_NAME` varchar(255) COLLATE utf8mb3_bin NOT NULL COMMENT '登录名',
  `MOBILE` varchar(255) COLLATE utf8mb3_bin NOT NULL COMMENT '手机号码',
  `OFFICE_ADDRESS` varchar(255) COLLATE utf8mb3_bin DEFAULT NULL COMMENT '办公地址',
  `OFFICE_FAX` varchar(255) COLLATE utf8mb3_bin DEFAULT NULL COMMENT '办公传真',
  `OFFICE_PHONE` varchar(255) COLLATE utf8mb3_bin DEFAULT NULL COMMENT '办公电话',
  `OFFICIAL` int DEFAULT NULL COMMENT '是否在编',
  `OFFICIAL_TYPE` varchar(255) COLLATE utf8mb3_bin DEFAULT NULL COMMENT '编制类型',
  `ORDERED_PATH` varchar(500) COLLATE utf8mb3_bin DEFAULT NULL COMMENT '排序序列号',
  `ORIGINAL` int NOT NULL DEFAULT '1' COMMENT '0:添加的人员，1：新增的人员',
  `ORIGINAL_ID` varchar(255) COLLATE utf8mb3_bin DEFAULT NULL COMMENT '原始人员id',
  `PASSWORD` varchar(255) COLLATE utf8mb3_bin DEFAULT NULL COMMENT '登录密码',
  `PERSON_TYPE` varchar(255) COLLATE utf8mb3_bin NOT NULL DEFAULT 'deptPerson' COMMENT '人员类型',
  `SEX` int NOT NULL DEFAULT '1' COMMENT '性别',
  `WEIXIN_ID` varchar(255) COLLATE utf8mb3_bin DEFAULT NULL COMMENT '人员绑定微信的唯一标识',
  PRIMARY KEY (`ID`),
  UNIQUE KEY `UK_8k5uhooq866n687vvcv37ufrh` (`GUID_PATH`)
) ENGINE=InnoDB DEFAULT CHARSET=utf8mb3 COLLATE=utf8mb3_bin COMMENT='人员表';
/*!40101 SET character_set_client = @saved_cs_client */;

--
-- Dumping data for table `Y9_ORG_PERSON`
--

/*!40000 ALTER TABLE `Y9_ORG_PERSON` DISABLE KEYS */;
INSERT INTO `Y9_ORG_PERSON` (`ID`, `CREATE_TIME`, `UPDATE_TIME`, `CUSTOM_ID`, `DESCRIPTION`, `DISABLED`, `DN`, `GUID_PATH`, `NAME`, `ORG_TYPE`, `PARENT_ID`, `PROPERTIES`, `TAB_INDEX`, `TENANT_ID`, `VERSION`, `AVATOR`, `CAID`, `EMAIL`, `LOGIN_NAME`, `MOBILE`, `OFFICE_ADDRESS`, `OFFICE_FAX`, `OFFICE_PHONE`, `OFFICIAL`, `OFFICIAL_TYPE`, `ORDERED_PATH`, `ORIGINAL`, `ORIGINAL_ID`, `PASSWORD`, `PERSON_TYPE`, `SEX`, `WEIXIN_ID`) VALUES ('11111111-1111-1111-1111-111111111116','2023-08-23 18:13:39.142000','2023-08-23 18:13:39.142000',NULL,NULL,0,'cn=业务用户,o=业务组织','11111111-1111-1111-1111-111111111123,11111111-1111-1111-1111-111111111116','业务用户','Person','11111111-1111-1111-1111-111111111123',NULL,10003,'11111111-1111-1111-1111-111111111113',0,NULL,NULL,NULL,'user','13551111111',NULL,NULL,NULL,NULL,NULL,'10000,10003',1,NULL,'$2a$10$kHk36jmxcw6wAwopLcGOneXpfqByC.vUHQ334HRifEThanad5ltgW','单位用户',1,NULL);
/*!40000 ALTER TABLE `Y9_ORG_PERSON` ENABLE KEYS */;

--
-- Table structure for table `Y9_ORG_PERSON_CUSTOMGROUP`
--

/*!40101 SET @saved_cs_client     = @@character_set_client */;
/*!50503 SET character_set_client = utf8mb4 */;
CREATE TABLE `Y9_ORG_PERSON_CUSTOMGROUP` (
  `ID` varchar(38) COLLATE utf8mb3_bin NOT NULL COMMENT '主键',
  `CREATE_TIME` datetime(6) DEFAULT NULL COMMENT '创建时间',
  `UPDATE_TIME` datetime(6) DEFAULT NULL COMMENT '更新时间',
  `CUSTOM_ID` varchar(255) COLLATE utf8mb3_bin DEFAULT NULL COMMENT '自定义id',
  `GROUP_NAME` varchar(50) COLLATE utf8mb3_bin NOT NULL COMMENT '群组名称',
  `USER_ID` varchar(38) COLLATE utf8mb3_bin DEFAULT NULL COMMENT '用户id',
  `USER_NAME` varchar(255) COLLATE utf8mb3_bin DEFAULT NULL COMMENT '用户名称',
  `SHARE_ID` varchar(38) COLLATE utf8mb3_bin DEFAULT NULL COMMENT '分享人Id',
  `SHARE_NAME` varchar(255) COLLATE utf8mb3_bin DEFAULT NULL COMMENT '分享人',
  `TAB_INDEX` int NOT NULL COMMENT '排序字段',
  `TENANT_ID` varchar(38) COLLATE utf8mb3_bin DEFAULT NULL COMMENT '租户id',
  PRIMARY KEY (`ID`)
) ENGINE=InnoDB DEFAULT CHARSET=utf8mb3 COLLATE=utf8mb3_bin COMMENT='自定义群组';
/*!40101 SET character_set_client = @saved_cs_client */;

--
-- Dumping data for table `Y9_ORG_PERSON_CUSTOMGROUP`
--

/*!40000 ALTER TABLE `Y9_ORG_PERSON_CUSTOMGROUP` DISABLE KEYS */;
/*!40000 ALTER TABLE `Y9_ORG_PERSON_CUSTOMGROUP` ENABLE KEYS */;

--
-- Table structure for table `Y9_ORG_PERSON_CUSTOMGROUP_MEMBER`
--

/*!40101 SET @saved_cs_client     = @@character_set_client */;
/*!50503 SET character_set_client = utf8mb4 */;
CREATE TABLE `Y9_ORG_PERSON_CUSTOMGROUP_MEMBER` (
  `ID` varchar(38) COLLATE utf8mb3_bin NOT NULL COMMENT '主键',
  `CREATE_TIME` datetime(6) DEFAULT NULL COMMENT '创建时间',
  `UPDATE_TIME` datetime(6) DEFAULT NULL COMMENT '更新时间',
  `GROUP_ID` varchar(38) COLLATE utf8mb3_bin DEFAULT NULL COMMENT '所在群组id',
  `MEMBER_ID` varchar(38) COLLATE utf8mb3_bin NOT NULL COMMENT '成员id',
  `MEMBER_NAME` varchar(255) COLLATE utf8mb3_bin NOT NULL COMMENT '成员名称',
  `MEMBER_TYPE` varchar(255) COLLATE utf8mb3_bin DEFAULT NULL COMMENT '成员类型',
  `PARENT_ID` varchar(38) COLLATE utf8mb3_bin DEFAULT NULL COMMENT '所在组织架构父节点id',
  `SEX` int DEFAULT NULL COMMENT '性别',
  `TAB_INDEX` int NOT NULL COMMENT '排序',
  PRIMARY KEY (`ID`)
) ENGINE=InnoDB DEFAULT CHARSET=utf8mb3 COLLATE=utf8mb3_bin COMMENT='自定义群组成员表';
/*!40101 SET character_set_client = @saved_cs_client */;

--
-- Dumping data for table `Y9_ORG_PERSON_CUSTOMGROUP_MEMBER`
--

/*!40000 ALTER TABLE `Y9_ORG_PERSON_CUSTOMGROUP_MEMBER` DISABLE KEYS */;
/*!40000 ALTER TABLE `Y9_ORG_PERSON_CUSTOMGROUP_MEMBER` ENABLE KEYS */;

--
-- Table structure for table `Y9_ORG_PERSON_EXT`
--

/*!40101 SET @saved_cs_client     = @@character_set_client */;
/*!50503 SET character_set_client = utf8mb4 */;
CREATE TABLE `Y9_ORG_PERSON_EXT` (
  `PERSON_ID` varchar(38) COLLATE utf8mb3_bin NOT NULL COMMENT '人员ID',
  `CREATE_TIME` datetime(6) DEFAULT NULL COMMENT '创建时间',
  `UPDATE_TIME` datetime(6) DEFAULT NULL COMMENT '更新时间',
  `BIRTHDAY` date DEFAULT NULL COMMENT '出生年月',
  `CITY` varchar(255) COLLATE utf8mb3_bin DEFAULT NULL COMMENT '居住城市',
  `COUNTRY` varchar(255) COLLATE utf8mb3_bin DEFAULT NULL COMMENT '居住国家',
  `EDUCATION` varchar(255) COLLATE utf8mb3_bin DEFAULT NULL COMMENT '学历',
  `HOME_ADDRESS` varchar(255) COLLATE utf8mb3_bin DEFAULT NULL COMMENT '家庭地址',
  `HOME_PHONE` varchar(255) COLLATE utf8mb3_bin DEFAULT NULL COMMENT '家庭电话',
  `ID_NUM` varchar(255) COLLATE utf8mb3_bin DEFAULT NULL COMMENT '证件号码',
  `ID_TYPE` varchar(255) COLLATE utf8mb3_bin DEFAULT NULL COMMENT '证件类型',
  `MARITAL_STATUS` int NOT NULL DEFAULT '0' COMMENT '婚姻状况',
  `NAME` varchar(255) COLLATE utf8mb3_bin NOT NULL COMMENT '登录名，拥于查找',
  `PHOTO` longblob COMMENT '照片',
  `POLITICAL_STATUS` varchar(255) COLLATE utf8mb3_bin DEFAULT NULL COMMENT '政治面貌',
  `PROFESSIONAL` varchar(255) COLLATE utf8mb3_bin DEFAULT NULL COMMENT '专业',
  `PROVINCE` varchar(255) COLLATE utf8mb3_bin DEFAULT NULL COMMENT '人员籍贯',
  `SIGN` longblob COMMENT '签名',
  `WORK_TIME` date DEFAULT NULL COMMENT '入职时间',
  PRIMARY KEY (`PERSON_ID`)
) ENGINE=InnoDB DEFAULT CHARSET=utf8mb3 COLLATE=utf8mb3_bin COMMENT='人员信息扩展表';
/*!40101 SET character_set_client = @saved_cs_client */;

--
-- Dumping data for table `Y9_ORG_PERSON_EXT`
--

/*!40000 ALTER TABLE `Y9_ORG_PERSON_EXT` DISABLE KEYS */;
INSERT INTO `Y9_ORG_PERSON_EXT` (`PERSON_ID`, `CREATE_TIME`, `UPDATE_TIME`, `BIRTHDAY`, `CITY`, `COUNTRY`, `EDUCATION`, `HOME_ADDRESS`, `HOME_PHONE`, `ID_NUM`, `ID_TYPE`, `MARITAL_STATUS`, `NAME`, `PHOTO`, `POLITICAL_STATUS`, `PROFESSIONAL`, `PROVINCE`, `SIGN`, `WORK_TIME`) VALUES ('11111111-1111-1111-1111-111111111116','2023-08-23 18:13:39.143000','2023-08-23 18:13:39.143000',NULL,NULL,NULL,NULL,NULL,NULL,NULL,NULL,0,'业务用户',NULL,NULL,NULL,NULL,NULL,'2023-08-23');
/*!40000 ALTER TABLE `Y9_ORG_PERSON_EXT` ENABLE KEYS */;

--
-- Table structure for table `Y9_ORG_PERSONS_GROUPS`
--

/*!40101 SET @saved_cs_client     = @@character_set_client */;
/*!50503 SET character_set_client = utf8mb4 */;
CREATE TABLE `Y9_ORG_PERSONS_GROUPS` (
  `ID` int NOT NULL AUTO_INCREMENT COMMENT '主键',
  `CREATE_TIME` datetime(6) DEFAULT NULL COMMENT '创建时间',
  `UPDATE_TIME` datetime(6) DEFAULT NULL COMMENT '更新时间',
  `GROUP_ID` varchar(38) COLLATE utf8mb3_bin NOT NULL COMMENT '用户组id',
  `GROUP_ORDER` int NOT NULL COMMENT '用户组排序号',
  `PERSON_ID` varchar(38) COLLATE utf8mb3_bin NOT NULL COMMENT '人员ID',
  `PERSON_ORDER` int NOT NULL COMMENT '人员排序号',
  PRIMARY KEY (`ID`),
  UNIQUE KEY `UKbk6jbj6n5gui7fd6e2ljak95k` (`GROUP_ID`,`PERSON_ID`)
) ENGINE=InnoDB DEFAULT CHARSET=utf8mb3 COLLATE=utf8mb3_bin COMMENT='人员用户组关联表';
/*!40101 SET character_set_client = @saved_cs_client */;

--
-- Dumping data for table `Y9_ORG_PERSONS_GROUPS`
--

/*!40000 ALTER TABLE `Y9_ORG_PERSONS_GROUPS` DISABLE KEYS */;
/*!40000 ALTER TABLE `Y9_ORG_PERSONS_GROUPS` ENABLE KEYS */;

--
-- Table structure for table `Y9_ORG_PERSONS_POSITIONS`
--

/*!40101 SET @saved_cs_client     = @@character_set_client */;
/*!50503 SET character_set_client = utf8mb4 */;
CREATE TABLE `Y9_ORG_PERSONS_POSITIONS` (
  `ID` int NOT NULL AUTO_INCREMENT COMMENT '主键',
  `CREATE_TIME` datetime(6) DEFAULT NULL COMMENT '创建时间',
  `UPDATE_TIME` datetime(6) DEFAULT NULL COMMENT '更新时间',
  `PERSON_ID` varchar(38) COLLATE utf8mb3_bin NOT NULL COMMENT '人员ID',
  `PERSON_ORDER` int NOT NULL DEFAULT '0' COMMENT '人员排序号',
  `POSITION_ID` varchar(38) COLLATE utf8mb3_bin NOT NULL COMMENT '岗位ID',
  `POSITION_ORDER` int NOT NULL DEFAULT '0' COMMENT '岗位排序号',
  PRIMARY KEY (`ID`),
  UNIQUE KEY `UKrty6axgf79bgsw4vxtki54i3c` (`POSITION_ID`,`PERSON_ID`)
) ENGINE=InnoDB DEFAULT CHARSET=utf8mb3 COLLATE=utf8mb3_bin COMMENT='人员岗位关联表';
/*!40101 SET character_set_client = @saved_cs_client */;

--
-- Dumping data for table `Y9_ORG_PERSONS_POSITIONS`
--

/*!40000 ALTER TABLE `Y9_ORG_PERSONS_POSITIONS` DISABLE KEYS */;
/*!40000 ALTER TABLE `Y9_ORG_PERSONS_POSITIONS` ENABLE KEYS */;

--
-- Table structure for table `Y9_ORG_PERSONS_RESOURCES`
--

/*!40101 SET @saved_cs_client     = @@character_set_client */;
/*!50503 SET character_set_client = utf8mb4 */;
CREATE TABLE `Y9_ORG_PERSONS_RESOURCES` (
  `ID` int NOT NULL AUTO_INCREMENT COMMENT '主键id',
  `CREATE_TIME` datetime(6) DEFAULT NULL COMMENT '创建时间',
  `UPDATE_TIME` datetime(6) DEFAULT NULL COMMENT '更新时间',
  `APP_ID` varchar(38) COLLATE utf8mb3_bin NOT NULL COMMENT '应用id',
  `APP_NAME` varchar(255) COLLATE utf8mb3_bin DEFAULT NULL COMMENT '应用名称',
  `AUTHORITY` int NOT NULL COMMENT '权限类型',
  `AUTHORIZATION_ID` varchar(38) COLLATE utf8mb3_bin DEFAULT NULL COMMENT '权限配置id',
  `INHERIT` int NOT NULL COMMENT '资源是否为继承上级节点的权限。冗余字段，纯显示用',
  `PARENT_RESOURCE_ID` varchar(38) COLLATE utf8mb3_bin DEFAULT NULL COMMENT '父资源id',
  `RESOURCE_CUSTOM_ID` varchar(38) COLLATE utf8mb3_bin DEFAULT NULL COMMENT '资源自定义id',
  `RESOURCE_DESCRIPTION` varchar(255) COLLATE utf8mb3_bin DEFAULT NULL COMMENT '描述',
  `RESOURCE_ID` varchar(38) COLLATE utf8mb3_bin NOT NULL COMMENT '资源id',
  `RESOURCE_NAME` varchar(255) COLLATE utf8mb3_bin DEFAULT NULL COMMENT '资源名称',
  `RESOURCE_TAB_INDEX` int NOT NULL COMMENT '排序',
  `RESOURCE_TYPE` int NOT NULL COMMENT '资源类型：0=应用，1=菜单，2=操作',
  `RESOURCE_URL` varchar(255) COLLATE utf8mb3_bin DEFAULT NULL COMMENT '资源URL',
  `SYSTEM_CN_NAME` varchar(255) COLLATE utf8mb3_bin DEFAULT NULL COMMENT '系统中文名称',
  `SYSTEM_ID` varchar(38) COLLATE utf8mb3_bin NOT NULL COMMENT '系统id',
  `SYSTEM_NAME` varchar(255) COLLATE utf8mb3_bin DEFAULT NULL COMMENT '系统英文名称',
  `TENANT_ID` varchar(38) COLLATE utf8mb3_bin DEFAULT NULL COMMENT '租户id',
  `PERSON_ID` varchar(38) COLLATE utf8mb3_bin NOT NULL COMMENT '身份(人员)唯一标识',
  PRIMARY KEY (`ID`),
  UNIQUE KEY `UKn2p2pe8jbhlmtlxv8ixn8cw7d` (`PERSON_ID`,`RESOURCE_ID`,`AUTHORIZATION_ID`,`AUTHORITY`)
) ENGINE=InnoDB DEFAULT CHARSET=utf8mb3 COLLATE=utf8mb3_bin COMMENT='人员与（资源、权限）关系表';
/*!40101 SET character_set_client = @saved_cs_client */;

--
-- Dumping data for table `Y9_ORG_PERSONS_RESOURCES`
--

/*!40000 ALTER TABLE `Y9_ORG_PERSONS_RESOURCES` DISABLE KEYS */;
/*!40000 ALTER TABLE `Y9_ORG_PERSONS_RESOURCES` ENABLE KEYS */;

--
-- Table structure for table `Y9_ORG_PERSONS_ROLES`
--

/*!40101 SET @saved_cs_client     = @@character_set_client */;
/*!50503 SET character_set_client = utf8mb4 */;
CREATE TABLE `Y9_ORG_PERSONS_ROLES` (
  `ID` int NOT NULL AUTO_INCREMENT COMMENT '主键id',
  `CREATE_TIME` datetime(6) DEFAULT NULL COMMENT '创建时间',
  `UPDATE_TIME` datetime(6) DEFAULT NULL COMMENT '更新时间',
  `APP_ID` varchar(38) COLLATE utf8mb3_bin DEFAULT NULL COMMENT '应用id',
  `APP_NAME` varchar(255) COLLATE utf8mb3_bin DEFAULT NULL COMMENT '应用名称',
  `DEPARTMENT_ID` varchar(38) COLLATE utf8mb3_bin NOT NULL COMMENT '部门id',
  `DESCRIPTION` varchar(255) COLLATE utf8mb3_bin DEFAULT NULL COMMENT '描述',
  `ROLE_CUSTOM_ID` varchar(38) COLLATE utf8mb3_bin DEFAULT NULL COMMENT '角色自定义id',
  `ROLE_ID` varchar(38) COLLATE utf8mb3_bin NOT NULL COMMENT '角色id',
  `ROLE_NAME` varchar(255) COLLATE utf8mb3_bin DEFAULT NULL COMMENT '角色名称',
  `SYSTEM_CN_NAME` varchar(255) COLLATE utf8mb3_bin DEFAULT NULL COMMENT '系统中文名称',
  `SYSTEM_ID` varchar(38) COLLATE utf8mb3_bin DEFAULT NULL COMMENT '系统id',
  `SYSTEM_NAME` varchar(255) COLLATE utf8mb3_bin DEFAULT NULL COMMENT '系统英文名称',
  `TENANT_ID` varchar(38) COLLATE utf8mb3_bin DEFAULT NULL COMMENT '租户id',
  `PERSON_ID` varchar(38) COLLATE utf8mb3_bin NOT NULL COMMENT '身份(人员)唯一标识',
  PRIMARY KEY (`ID`),
  UNIQUE KEY `UKa1ns3b527lyr0sn45sk036ts9` (`PERSON_ID`,`ROLE_ID`)
) ENGINE=InnoDB DEFAULT CHARSET=utf8mb3 COLLATE=utf8mb3_bin COMMENT='人员与角色关系表';
/*!40101 SET character_set_client = @saved_cs_client */;

--
-- Dumping data for table `Y9_ORG_PERSONS_ROLES`
--

/*!40000 ALTER TABLE `Y9_ORG_PERSONS_ROLES` DISABLE KEYS */;
/*!40000 ALTER TABLE `Y9_ORG_PERSONS_ROLES` ENABLE KEYS */;

--
-- Table structure for table `Y9_ORG_POSITION`
--

/*!40101 SET @saved_cs_client     = @@character_set_client */;
/*!50503 SET character_set_client = utf8mb4 */;
CREATE TABLE `Y9_ORG_POSITION` (
  `ID` varchar(38) COLLATE utf8mb3_bin NOT NULL COMMENT 'UUID字段',
  `CREATE_TIME` datetime(6) DEFAULT NULL COMMENT '创建时间',
  `UPDATE_TIME` datetime(6) DEFAULT NULL COMMENT '更新时间',
  `CUSTOM_ID` varchar(255) COLLATE utf8mb3_bin DEFAULT NULL COMMENT '自定义id',
  `DESCRIPTION` varchar(255) COLLATE utf8mb3_bin DEFAULT NULL COMMENT '描述',
  `DISABLED` int NOT NULL DEFAULT '0' COMMENT '是否可用',
  `DN` varchar(2000) COLLATE utf8mb3_bin DEFAULT NULL COMMENT '由name组成的父子关系列表(倒序)，之间用逗号分隔',
  `GUID_PATH` varchar(400) COLLATE utf8mb3_bin DEFAULT NULL COMMENT '由ID组成的父子关系列表(正序)，之间用逗号分隔',
  `NAME` varchar(255) COLLATE utf8mb3_bin NOT NULL COMMENT '名称',
  `ORG_TYPE` varchar(255) COLLATE utf8mb3_bin NOT NULL COMMENT '组织类型',
  `PARENT_ID` varchar(38) COLLATE utf8mb3_bin DEFAULT NULL COMMENT '父节点id',
  `PROPERTIES` varchar(500) COLLATE utf8mb3_bin DEFAULT NULL COMMENT '扩展属性',
  `TAB_INDEX` int NOT NULL COMMENT '排序号',
  `TENANT_ID` varchar(38) COLLATE utf8mb3_bin DEFAULT NULL COMMENT '租户id',
  `VERSION` int DEFAULT NULL COMMENT '版本号,乐观锁',
  `CAPACITY` int NOT NULL DEFAULT '1' COMMENT '岗位容量，默认容量为1，即一人一岗',
  `DUTY` varchar(255) COLLATE utf8mb3_bin DEFAULT NULL COMMENT '职务',
  `DUTY_LEVEL` int NOT NULL DEFAULT '0' COMMENT '职务级别',
  `DUTY_LEVEL_NAME` varchar(255) COLLATE utf8mb3_bin DEFAULT NULL COMMENT '职级名称',
  `DUTY_TYPE` varchar(255) COLLATE utf8mb3_bin DEFAULT NULL COMMENT '职务类型',
  `EXCLUSIVE_IDS` varchar(500) COLLATE utf8mb3_bin DEFAULT NULL COMMENT '互斥的岗位Id列表，之间用逗号分割',
  `HEAD_COUNT` int NOT NULL DEFAULT '0' COMMENT '岗位当前人数，小于或等于岗位容量',
  `JOB_ID` varchar(38) COLLATE utf8mb3_bin NOT NULL COMMENT '职位id',
  `ORDERED_PATH` varchar(500) COLLATE utf8mb3_bin DEFAULT NULL COMMENT '排序序列号',
  PRIMARY KEY (`ID`),
  UNIQUE KEY `UK_dkllqwv7eq7trb5394pg0tm6g` (`GUID_PATH`)
) ENGINE=InnoDB DEFAULT CHARSET=utf8mb3 COLLATE=utf8mb3_bin COMMENT='岗位表';
/*!40101 SET character_set_client = @saved_cs_client */;

--
-- Dumping data for table `Y9_ORG_POSITION`
--

/*!40000 ALTER TABLE `Y9_ORG_POSITION` DISABLE KEYS */;
/*!40000 ALTER TABLE `Y9_ORG_POSITION` ENABLE KEYS */;

--
-- Table structure for table `Y9_ORG_POSITIONS_GROUPS`
--

/*!40101 SET @saved_cs_client     = @@character_set_client */;
/*!50503 SET character_set_client = utf8mb4 */;
CREATE TABLE `Y9_ORG_POSITIONS_GROUPS` (
  `ID` int NOT NULL AUTO_INCREMENT COMMENT '主键',
  `CREATE_TIME` datetime(6) DEFAULT NULL COMMENT '创建时间',
  `UPDATE_TIME` datetime(6) DEFAULT NULL COMMENT '更新时间',
  `GROUP_ID` varchar(38) COLLATE utf8mb3_bin NOT NULL COMMENT '用户组id',
  `GROUP_ORDER` int NOT NULL COMMENT '用户组排序号',
  `POSITION_ID` varchar(38) COLLATE utf8mb3_bin NOT NULL COMMENT '岗位ID',
  `POSITION_ORDER` int NOT NULL COMMENT '人员排序号',
  PRIMARY KEY (`ID`),
  UNIQUE KEY `UKtjxh3p9qk2s8we8mtrg2mxc9y` (`GROUP_ID`,`POSITION_ID`)
) ENGINE=InnoDB DEFAULT CHARSET=utf8mb3 COLLATE=utf8mb3_bin COMMENT='岗位与岗位组关联表';
/*!40101 SET character_set_client = @saved_cs_client */;

--
-- Dumping data for table `Y9_ORG_POSITIONS_GROUPS`
--

/*!40000 ALTER TABLE `Y9_ORG_POSITIONS_GROUPS` DISABLE KEYS */;
/*!40000 ALTER TABLE `Y9_ORG_POSITIONS_GROUPS` ENABLE KEYS */;

--
-- Table structure for table `Y9_ORG_POSITIONS_RESOURCES`
--

/*!40101 SET @saved_cs_client     = @@character_set_client */;
/*!50503 SET character_set_client = utf8mb4 */;
CREATE TABLE `Y9_ORG_POSITIONS_RESOURCES` (
  `ID` int NOT NULL AUTO_INCREMENT COMMENT '主键id',
  `CREATE_TIME` datetime(6) DEFAULT NULL COMMENT '创建时间',
  `UPDATE_TIME` datetime(6) DEFAULT NULL COMMENT '更新时间',
  `APP_ID` varchar(38) COLLATE utf8mb3_bin NOT NULL COMMENT '应用id',
  `APP_NAME` varchar(255) COLLATE utf8mb3_bin DEFAULT NULL COMMENT '应用名称',
  `AUTHORITY` int NOT NULL COMMENT '权限类型',
  `AUTHORIZATION_ID` varchar(38) COLLATE utf8mb3_bin DEFAULT NULL COMMENT '权限配置id',
  `INHERIT` int NOT NULL COMMENT '资源是否为继承上级节点的权限。冗余字段，纯显示用',
  `PARENT_RESOURCE_ID` varchar(38) COLLATE utf8mb3_bin DEFAULT NULL COMMENT '父资源id',
  `RESOURCE_CUSTOM_ID` varchar(38) COLLATE utf8mb3_bin DEFAULT NULL COMMENT '资源自定义id',
  `RESOURCE_DESCRIPTION` varchar(255) COLLATE utf8mb3_bin DEFAULT NULL COMMENT '描述',
  `RESOURCE_ID` varchar(38) COLLATE utf8mb3_bin NOT NULL COMMENT '资源id',
  `RESOURCE_NAME` varchar(255) COLLATE utf8mb3_bin DEFAULT NULL COMMENT '资源名称',
  `RESOURCE_TAB_INDEX` int NOT NULL COMMENT '排序',
  `RESOURCE_TYPE` int NOT NULL COMMENT '资源类型：0=应用，1=菜单，2=操作',
  `RESOURCE_URL` varchar(255) COLLATE utf8mb3_bin DEFAULT NULL COMMENT '资源URL',
  `SYSTEM_CN_NAME` varchar(255) COLLATE utf8mb3_bin DEFAULT NULL COMMENT '系统中文名称',
  `SYSTEM_ID` varchar(38) COLLATE utf8mb3_bin NOT NULL COMMENT '系统id',
  `SYSTEM_NAME` varchar(255) COLLATE utf8mb3_bin DEFAULT NULL COMMENT '系统英文名称',
  `TENANT_ID` varchar(38) COLLATE utf8mb3_bin DEFAULT NULL COMMENT '租户id',
  `POSITION_ID` varchar(38) COLLATE utf8mb3_bin NOT NULL COMMENT '身份(岗位)唯一标识',
  PRIMARY KEY (`ID`),
  UNIQUE KEY `UK5cps1b1fq199989ni2hcrlwmd` (`POSITION_ID`,`RESOURCE_ID`,`AUTHORIZATION_ID`,`AUTHORITY`)
) ENGINE=InnoDB DEFAULT CHARSET=utf8mb3 COLLATE=utf8mb3_bin COMMENT='岗位与（资源、权限）关系表';
/*!40101 SET character_set_client = @saved_cs_client */;

--
-- Dumping data for table `Y9_ORG_POSITIONS_RESOURCES`
--

/*!40000 ALTER TABLE `Y9_ORG_POSITIONS_RESOURCES` DISABLE KEYS */;
/*!40000 ALTER TABLE `Y9_ORG_POSITIONS_RESOURCES` ENABLE KEYS */;

--
-- Table structure for table `Y9_ORG_POSITIONS_ROLES`
--

/*!40101 SET @saved_cs_client     = @@character_set_client */;
/*!50503 SET character_set_client = utf8mb4 */;
CREATE TABLE `Y9_ORG_POSITIONS_ROLES` (
  `ID` int NOT NULL AUTO_INCREMENT COMMENT '主键id',
  `CREATE_TIME` datetime(6) DEFAULT NULL COMMENT '创建时间',
  `UPDATE_TIME` datetime(6) DEFAULT NULL COMMENT '更新时间',
  `APP_ID` varchar(38) COLLATE utf8mb3_bin DEFAULT NULL COMMENT '应用id',
  `APP_NAME` varchar(255) COLLATE utf8mb3_bin DEFAULT NULL COMMENT '应用名称',
  `DEPARTMENT_ID` varchar(38) COLLATE utf8mb3_bin NOT NULL COMMENT '部门id',
  `DESCRIPTION` varchar(255) COLLATE utf8mb3_bin DEFAULT NULL COMMENT '描述',
  `ROLE_CUSTOM_ID` varchar(38) COLLATE utf8mb3_bin DEFAULT NULL COMMENT '角色自定义id',
  `ROLE_ID` varchar(38) COLLATE utf8mb3_bin NOT NULL COMMENT '角色id',
  `ROLE_NAME` varchar(255) COLLATE utf8mb3_bin DEFAULT NULL COMMENT '角色名称',
  `SYSTEM_CN_NAME` varchar(255) COLLATE utf8mb3_bin DEFAULT NULL COMMENT '系统中文名称',
  `SYSTEM_ID` varchar(38) COLLATE utf8mb3_bin DEFAULT NULL COMMENT '系统id',
  `SYSTEM_NAME` varchar(255) COLLATE utf8mb3_bin DEFAULT NULL COMMENT '系统英文名称',
  `TENANT_ID` varchar(38) COLLATE utf8mb3_bin DEFAULT NULL COMMENT '租户id',
  `POSITION_ID` varchar(38) COLLATE utf8mb3_bin NOT NULL COMMENT '身份(岗位)唯一标识',
  PRIMARY KEY (`ID`),
  UNIQUE KEY `UK8w7r8ookrjq6rcgiy98k56aba` (`POSITION_ID`,`ROLE_ID`)
) ENGINE=InnoDB DEFAULT CHARSET=utf8mb3 COLLATE=utf8mb3_bin COMMENT='岗位与角色关系表';
/*!40101 SET character_set_client = @saved_cs_client */;

--
-- Dumping data for table `Y9_ORG_POSITIONS_ROLES`
--

/*!40000 ALTER TABLE `Y9_ORG_POSITIONS_ROLES` DISABLE KEYS */;
/*!40000 ALTER TABLE `Y9_ORG_POSITIONS_ROLES` ENABLE KEYS */;

--
-- Table structure for table `Y9_ORGBASE_DELETED`
--

/*!40101 SET @saved_cs_client     = @@character_set_client */;
/*!50503 SET character_set_client = utf8mb4 */;
CREATE TABLE `Y9_ORGBASE_DELETED` (
  `ID` varchar(38) COLLATE utf8mb3_bin NOT NULL COMMENT '主键',
  `CREATE_TIME` datetime(6) DEFAULT NULL COMMENT '创建时间',
  `UPDATE_TIME` datetime(6) DEFAULT NULL COMMENT '更新时间',
  `DN` varchar(2000) COLLATE utf8mb3_bin DEFAULT NULL COMMENT '名称组成的父子关系，之间以逗号分割',
  `JSON_CONTENT` longtext COLLATE utf8mb3_bin COMMENT '内容',
  `OPERATOR` varchar(30) COLLATE utf8mb3_bin DEFAULT NULL COMMENT '操作者',
  `ORG_ID` varchar(38) COLLATE utf8mb3_bin DEFAULT NULL COMMENT '组织id',
  `ORG_TYPE` varchar(255) COLLATE utf8mb3_bin NOT NULL COMMENT '组织类型',
  `PARENT_ID` varchar(38) COLLATE utf8mb3_bin DEFAULT NULL COMMENT '父节点的Id',
  PRIMARY KEY (`ID`)
) ENGINE=InnoDB DEFAULT CHARSET=utf8mb3 COLLATE=utf8mb3_bin COMMENT='删除的组织表';
/*!40101 SET character_set_client = @saved_cs_client */;

--
-- Dumping data for table `Y9_ORGBASE_DELETED`
--

/*!40000 ALTER TABLE `Y9_ORGBASE_DELETED` DISABLE KEYS */;
/*!40000 ALTER TABLE `Y9_ORGBASE_DELETED` ENABLE KEYS */;

--
-- Table structure for table `Y9_ORGBASE_MOVED`
--

/*!40101 SET @saved_cs_client     = @@character_set_client */;
/*!50503 SET character_set_client = utf8mb4 */;
CREATE TABLE `Y9_ORGBASE_MOVED` (
  `ID` varchar(38) COLLATE utf8mb3_bin NOT NULL COMMENT '主键',
  `CREATE_TIME` datetime(6) DEFAULT NULL COMMENT '创建时间',
  `UPDATE_TIME` datetime(6) DEFAULT NULL COMMENT '更新时间',
  `FINISHED` int NOT NULL DEFAULT '0' COMMENT '工作交接是否完成',
  `OPERATOR` varchar(30) COLLATE utf8mb3_bin DEFAULT NULL COMMENT '操作者',
  `ORG_ID` varchar(38) COLLATE utf8mb3_bin DEFAULT NULL COMMENT '组织id',
  `ORG_TYPE` varchar(255) COLLATE utf8mb3_bin NOT NULL COMMENT '组织类型',
  `PARENT_ID_FROM` varchar(38) COLLATE utf8mb3_bin DEFAULT NULL COMMENT '原来的父节点Id',
  `PARENT_ID_TO` varchar(38) COLLATE utf8mb3_bin DEFAULT NULL COMMENT '目标父节点Id',
  PRIMARY KEY (`ID`)
) ENGINE=InnoDB DEFAULT CHARSET=utf8mb3 COLLATE=utf8mb3_bin COMMENT='移动的组织表';
/*!40101 SET character_set_client = @saved_cs_client */;

--
-- Dumping data for table `Y9_ORGBASE_MOVED`
--

/*!40000 ALTER TABLE `Y9_ORGBASE_MOVED` DISABLE KEYS */;
/*!40000 ALTER TABLE `Y9_ORGBASE_MOVED` ENABLE KEYS */;
/*!40103 SET TIME_ZONE=@OLD_TIME_ZONE */;

/*!40101 SET SQL_MODE=@OLD_SQL_MODE */;
/*!40014 SET FOREIGN_KEY_CHECKS=@OLD_FOREIGN_KEY_CHECKS */;
/*!40014 SET UNIQUE_CHECKS=@OLD_UNIQUE_CHECKS */;
/*!40101 SET CHARACTER_SET_CLIENT=@OLD_CHARACTER_SET_CLIENT */;
/*!40101 SET CHARACTER_SET_RESULTS=@OLD_CHARACTER_SET_RESULTS */;
/*!40101 SET COLLATION_CONNECTION=@OLD_COLLATION_CONNECTION */;
/*!40111 SET SQL_NOTES=@OLD_SQL_NOTES */;

-- Dump completed on 2023-08-23 18:17:44
